Monthly_Income,Monthly_Expenditure,Market_Volatility_Index,Inflation_Rate,Investment_Amount,Savings_Ratio,Credit_Score,Debt_to_Income_Ratio,Risk_Tolerance_Level,Economic_Sentiment_Score,Investor_Confidence,Financial_Stability_Index,Investment_Recommendation_Score
89934.28,43504.93,25.33,5.89,37259.2,0.307,667.0,0.417,0.772,0.394,30.98,0.605,46.86
77234.71,34932.02,12.57,2.44,38774.65,0.383,688.0,0.586,0.828,0.174,97.13,0.615,72.14
92953.77,66760.8,17.56,4.25,92226.58,0.286,653.0,0.541,0.171,0.666,11.79,0.506,49.04
110460.6,83203.1,33.72,6.82,123179.17,0.065,756.0,0.498,0.897,-0.855,95.83,0.496,42.73
75316.93,31316.26,66.18,4.6,25316.93,0.481,685.0,0.168,0.656,0.381,9.1,0.719,47.99
75317.26,65383.38,50.04,7.98,188518.03,0.056,773.0,0.532,0.882,0.068,23.1,0.478,39.18
111584.26,47533.29,45.89,5.35,153475.39,0.469,776.0,0.4,0.485,-0.242,4.66,0.629,26.06
95348.69,63945.43,30.54,3.93,121458.54,0.541,696.0,0.636,0.542,-0.319,70.51,0.642,49.84
70610.51,53277.77,75.22,3.32,167403.35,0.288,650.0,0.652,0.919,0.242,85.03,0.559,70.45
90851.2,75904.78,37.79,4.1,25235.48,0.345,596.0,0.133,0.9,0.782,43.41,0.664,72.09
70731.65,53546.93,16.1,4.24,100599.39,0.312,626.0,0.592,0.448,-0.008,92.85,0.525,61.03
70685.4,56609.4,53.19,2.41,129717.69,0.264,631.0,0.123,0.274,0.649,59.03,0.584,63.79
84839.25,48335.05,17.97,4.22,167444.05,0.538,769.0,0.32,0.393,-0.196,63.0,0.666,51.4
41734.4,33696.87,34.17,4.79,158859.22,0.542,706.0,0.425,0.388,-0.795,84.54,0.668,40.98
45501.64,20023.34,45.52,6.34,62643.16,0.235,719.0,0.189,0.287,-0.877,29.68,0.578,11.88
68754.25,58262.92,71.2,5.94,188767.23,0.388,589.0,0.548,0.269,-0.897,35.43,0.533,16.01
59743.38,40254.86,44.55,6.25,33625.71,0.56,640.0,0.105,0.861,-0.24,90.6,0.768,70.73
86284.95,69774.23,59.16,2.05,176275.39,0.579,744.0,0.201,0.07,-0.326,90.1,0.683,61.57
61839.52,38721.38,79.5,3.31,194478.65,0.33,714.0,0.448,0.678,0.436,97.65,0.605,87.36
51753.93,37355.41,19.2,5.97,43659.17,0.299,693.0,0.529,0.173,0.486,90.18,0.529,79.95
109312.98,72496.51,29.23,4.9,147192.55,0.203,728.0,0.65,0.345,-0.898,12.74,0.476,0.46
75484.47,57805.61,37.62,2.03,17654.25,0.577,782.0,0.523,0.062,-0.558,82.37,0.604,44.08
81350.56,35860.55,39.53,6.83,87030.34,0.129,689.0,0.503,0.27,-0.451,40.98,0.474,28.11
51505.04,22156.23,38.77,6.64,108093.83,0.369,703.0,0.337,0.768,0.095,99.08,0.656,78.15
69112.35,36183.88,73.53,5.29,120322.59,0.205,710.0,0.101,0.885,-0.711,47.23,0.647,36.91
82218.45,39446.14,59.98,2.4,187828.08,0.203,820.0,0.172,0.222,-0.732,55.38,0.527,32.49
56980.13,47629.22,52.55,6.6,137727.63,0.273,595.0,0.421,0.464,0.888,52.98,0.534,71.82
87513.96,44597.73,31.66,5.5,101442.81,0.599,734.0,0.505,0.47,0.608,32.17,0.674,64.3
67987.23,60368.08,67.67,6.69,163838.26,0.08,694.0,0.35,0.874,-0.639,7.5,0.547,14.56
74166.13,42159.58,76.85,6.51,190601.24,0.368,728.0,0.538,0.763,-0.187,89.57,0.606,65.85
67965.87,33375.25,67.48,6.82,14192.57,0.095,667.0,0.413,0.513,-0.289,80.27,0.495,52.9
117045.56,93033.58,10.11,5.11,196679.04,0.135,698.0,0.145,0.671,0.582,13.95,0.591,52.29
79730.06,58151.43,54.55,2.84,26365.11,0.292,736.0,0.215,0.847,0.02,77.68,0.646,57.71
58845.78,38196.67,13.58,6.03,164733.49,0.331,850.0,0.604,0.01,-0.744,62.58,0.46,20.69
96450.9,65363.02,28.03,5.72,63263.6,0.192,740.0,0.535,0.403,0.478,40.91,0.496,56.87
55583.13,42220.99,14.17,6.45,35114.13,0.224,658.0,0.637,0.907,-0.206,25.4,0.538,32.59
84177.27,43286.26,52.27,3.02,93572.57,0.098,679.0,0.171,0.74,-0.474,85.97,0.572,43.25
40806.6,36651.14,58.06,3.17,132351.75,0.217,677.0,0.694,0.543,-0.249,70.02,0.494,45.47
53436.28,47419.17,18.01,7.34,82380.85,0.582,610.0,0.226,0.53,-0.004,54.77,0.709,60.37
83937.22,60868.16,36.87,6.5,20367.43,0.57,683.0,0.107,0.348,-0.314,60.96,0.735,45.98
94769.33,47362.98,41.94,7.45,123897.62,0.234,737.0,0.698,0.521,-0.516,9.11,0.493,18.34
83427.37,61745.77,35.83,6.55,181456.62,0.364,636.0,0.269,0.655,-0.203,47.39,0.635,42.72
77687.03,33879.25,18.47,5.58,82810.92,0.55,752.0,0.501,0.418,-0.962,19.37,0.643,17.35
73977.93,30724.97,39.33,5.92,51103.23,0.053,724.0,0.206,0.714,0.545,20.84,0.543,49.17
50429.56,26669.24,62.58,7.33,94089.7,0.496,663.0,0.448,0.861,-0.658,66.13,0.682,35.67
65603.12,41416.0,14.97,5.47,19188.92,0.572,693.0,0.642,0.155,-0.912,91.13,0.613,37.45
70787.22,59046.19,15.61,5.79,165892.64,0.1,780.0,0.292,0.452,0.307,40.38,0.499,49.83
101142.44,77230.81,34.83,2.94,167004.75,0.139,737.0,0.502,0.408,0.548,20.77,0.483,46.95
86872.37,67009.28,75.92,4.84,121720.09,0.578,700.0,0.213,0.687,0.628,64.87,0.757,81.57
44739.2,27413.79,56.8,6.3,77089.55,0.346,688.0,0.475,0.25,-0.013,87.12,0.564,64.33
86481.68,49551.19,57.51,3.63,161958.84,0.058,704.0,0.302,0.64,-0.589,74.83,0.525,37.67
72298.35,42332.09,35.33,3.21,115390.53,0.192,674.0,0.227,0.877,0.474,86.88,0.61,79.16
66461.56,59404.99,51.56,3.88,166927.14,0.297,595.0,0.288,0.418,0.399,53.66,0.566,53.2
92233.53,38743.12,10.71,3.45,129977.17,0.431,802.0,0.207,0.911,-0.507,75.19,0.686,51.11
100619.99,83868.35,54.53,3.29,159037.04,0.453,708.0,0.641,0.993,0.807,14.01,0.65,61.84
98625.6,67986.35,73.93,4.55,123726.97,0.597,720.0,0.338,0.106,-0.791,34.83,0.675,31.99
63215.65,39149.94,52.88,7.45,88686.8,0.208,697.0,0.247,0.233,0.965,38.95,0.556,67.65
73815.75,56294.02,71.16,5.04,192009.71,0.346,663.0,0.369,0.95,0.72,51.13,0.647,65.36
86625.27,55729.02,60.68,3.13,112811.63,0.343,691.0,0.292,0.958,0.376,92.91,0.671,85.1
99510.9,83261.93,18.44,2.46,124967.01,0.273,620.0,0.547,0.098,0.877,87.43,0.481,87.1
70416.52,59878.75,73.17,6.18,51892.65,0.143,814.0,0.683,0.015,0.445,13.45,0.382,32.78
76286.82,46600.6,14.65,4.3,128873.65,0.588,638.0,0.363,0.161,-0.619,17.28,0.657,13.53
57873.3,31159.79,47.38,6.93,118605.45,0.519,648.0,0.617,0.996,-0.116,35.76,0.666,51.81
56075.87,39038.63,19.95,5.96,45119.3,0.324,678.0,0.44,0.18,-0.857,29.07,0.552,20.59
96250.52,82407.93,10.82,6.78,21321.55,0.382,764.0,0.194,0.503,-0.221,61.48,0.641,37.6
107124.8,54133.49,39.54,3.63,124828.27,0.175,701.0,0.514,0.848,0.483,90.28,0.552,75.9
78559.8,55893.98,30.65,6.15,155101.53,0.349,638.0,0.408,0.02,-0.227,96.23,0.538,66.91
100070.66,71628.59,44.02,3.58,109446.26,0.432,763.0,0.49,0.604,-0.339,65.36,0.613,44.24
87232.72,66868.81,50.4,7.63,53086.8,0.333,737.0,0.634,0.277,0.191,83.82,0.521,62.86
67097.6,31252.98,13.06,5.82,136639.18,0.595,727.0,0.364,0.862,0.744,52.52,0.742,79.01
87227.91,66111.12,18.61,3.95,25220.09,0.386,736.0,0.641,0.283,-0.905,20.83,0.542,2.69
110760.73,94646.85,49.1,3.62,93948.4,0.254,820.0,0.55,0.687,-0.229,52.47,0.518,31.49
79283.48,38836.34,34.02,3.15,41039.68,0.475,809.0,0.393,0.674,-0.684,55.51,0.64,38.97
111292.87,57735.59,61.04,6.17,45047.22,0.144,666.0,0.462,0.221,0.391,74.25,0.475,55.96
30000.0,26570.93,55.66,3.31,48435.85,0.261,781.0,0.295,0.035,-0.789,21.99,0.52,12.39
96438.05,47301.75,69.19,5.57,83474.34,0.241,719.0,0.69,0.409,0.33,36.83,0.492,53.68
81740.94,67615.5,58.47,3.59,19718.54,0.287,725.0,0.5,0.289,-0.428,36.4,0.535,21.23
74019.85,47827.11,40.1,5.97,85580.75,0.48,615.0,0.126,0.809,-0.602,95.94,0.718,51.58
81835.22,42850.19,57.11,6.89,107224.41,0.316,691.0,0.296,0.8,0.873,44.39,0.644,82.22
40248.62,33622.69,29.28,6.67,101825.91,0.487,659.0,0.474,0.457,-0.963,75.51,0.631,35.54
75606.56,47076.62,31.44,6.57,82728.98,0.367,741.0,0.134,0.607,-0.124,75.08,0.666,56.52
87142.25,57288.07,65.23,3.13,169437.86,0.238,754.0,0.114,0.604,-0.957,26.55,0.614,18.63
109557.88,63501.58,41.25,2.53,37612.07,0.495,596.0,0.37,0.827,-0.033,57.19,0.67,61.44
69634.6,48498.78,65.89,6.19,106082.38,0.181,699.0,0.3,0.425,0.002,89.43,0.555,64.91
63830.13,30750.93,67.57,4.21,21787.87,0.173,756.0,0.363,0.275,-0.357,47.52,0.505,29.03
69964.86,41666.93,70.03,4.59,23519.58,0.327,691.0,0.258,0.265,-0.736,94.51,0.603,43.8
98308.04,86973.73,74.16,2.19,119034.51,0.193,736.0,0.199,0.536,-0.247,21.45,0.578,31.51
86575.02,45803.96,40.17,3.56,117543.5,0.055,718.0,0.513,0.449,0.345,7.42,0.458,35.26
69404.8,50552.26,32.32,2.2,176826.37,0.407,717.0,0.409,0.44,0.565,89.15,0.619,88.24
90265.35,50782.84,50.75,7.28,115996.0,0.331,686.0,0.22,0.091,0.062,84.77,0.593,57.74
81941.55,64466.41,35.98,3.46,192360.29,0.295,639.0,0.292,0.719,0.18,99.26,0.61,68.13
99372.9,46251.81,52.08,5.34,19252.02,0.582,644.0,0.455,0.214,-0.599,67.94,0.643,42.28
65958.94,58367.76,59.39,2.23,28621.46,0.364,735.0,0.143,0.197,-0.425,93.67,0.624,53.46
73446.76,46043.39,58.19,6.0,18372.51,0.525,701.0,0.188,0.413,-0.676,82.69,0.713,45.32
72157.84,37379.58,36.22,3.94,45202.6,0.127,693.0,0.144,0.228,-0.501,84.44,0.542,37.01
50729.7,22156.11,21.68,7.39,112841.32,0.363,679.0,0.587,0.584,-0.55,56.91,0.579,35.29
85922.41,41661.97,40.14,7.33,132658.71,0.527,685.0,0.551,0.371,0.039,38.24,0.632,47.82
85221.11,56236.3,19.98,3.95,18661.18,0.371,752.0,0.552,0.449,0.125,93.46,0.564,72.63
80102.27,45538.27,72.31,7.41,189734.47,0.445,683.0,0.53,0.537,0.89,43.21,0.62,75.32
75308.26,61334.18,34.21,7.98,170011.42,0.255,633.0,0.502,0.204,-0.609,53.88,0.498,27.53
51692.59,31813.88,20.81,6.95,66356.37,0.101,737.0,0.386,0.156,0.283,44.61,0.466,55.51
71587.09,37537.2,11.78,7.07,24665.63,0.302,690.0,0.485,0.88,0.635,56.48,0.608,65.47
73145.71,51829.04,55.21,3.49,42278.54,0.267,702.0,0.123,0.434,0.12,47.05,0.625,56.37
63954.45,48182.56,54.58,5.46,34119.44,0.527,780.0,0.473,0.412,-0.49,4.8,0.629,10.31
76774.29,37121.98,33.84,2.4,33423.92,0.184,699.0,0.567,0.036,-0.475,88.2,0.464,40.02
88081.02,42614.44,15.02,2.57,108526.72,0.582,714.0,0.4,0.498,-0.921,44.44,0.697,18.93
117723.72,49248.04,38.67,7.99,56711.01,0.577,641.0,0.315,0.554,-0.389,58.89,0.703,50.92
83491.56,64138.3,31.79,3.96,78046.55,0.186,689.0,0.266,0.559,0.489,13.92,0.573,48.58
85151.01,62322.22,57.4,6.49,198006.01,0.241,730.0,0.486,0.707,-0.905,0.34,0.559,0.89
78511.08,50036.32,52.4,6.84,140019.71,0.543,622.0,0.516,0.177,-0.561,24.53,0.604,17.64
41624.58,34218.95,35.52,7.15,190306.33,0.582,710.0,0.623,0.252,0.412,70.46,0.63,70.55
79469.72,63801.08,25.25,7.99,37085.75,0.294,705.0,0.305,0.811,0.565,9.92,0.636,48.9
81204.6,56248.58,79.16,3.45,82606.5,0.227,702.0,0.562,0.947,-0.089,90.89,0.572,64.2
129264.84,107824.41,41.78,2.24,115399.04,0.339,752.0,0.437,0.136,0.396,21.5,0.544,42.71
76152.78,38298.8,58.18,4.47,24584.03,0.428,717.0,0.63,0.498,-0.224,20.46,0.589,37.57
86030.95,39226.65,19.84,2.78,10795.61,0.2,774.0,0.417,0.214,-0.68,18.15,0.492,3.09
79305.76,42418.66,43.99,2.13,137382.52,0.455,650.0,0.411,0.06,-0.204,1.4,0.588,19.83
56626.44,24266.89,11.93,4.16,131945.71,0.078,707.0,0.447,0.326,0.16,77.18,0.472,67.66
102856.46,68459.69,45.38,6.7,88049.87,0.077,704.0,0.55,0.144,0.896,87.5,0.434,81.4
95038.66,82522.34,77.48,5.4,103032.37,0.262,647.0,0.679,0.71,-0.862,61.42,0.521,18.18
95820.64,40213.22,36.89,3.88,88934.17,0.244,748.0,0.144,0.534,0.015,18.82,0.605,39.34
61812.25,28498.84,12.73,5.93,14560.96,0.224,816.0,0.132,0.144,-0.342,28.53,0.536,25.59
108055.89,67653.74,12.17,3.39,73720.61,0.32,699.0,0.663,0.009,0.017,47.59,0.496,40.16
51962.98,45048.66,37.16,2.09,43645.63,0.226,725.0,0.418,0.808,-0.952,95.43,0.579,33.08
91737.14,51196.49,21.2,6.59,28700.6,0.156,704.0,0.469,0.176,-0.374,24.74,0.485,36.75
123809.11,80923.79,11.63,5.74,191776.88,0.22,664.0,0.389,0.606,0.64,73.16,0.558,75.11
60189.27,25326.83,62.93,6.57,123878.35,0.586,609.0,0.156,0.337,0.108,43.94,0.705,46.43
68674.05,32563.28,42.1,2.23,148444.69,0.276,665.0,0.561,0.585,-0.099,29.78,0.544,43.64
81993.03,73245.61,30.25,7.02,69919.11,0.295,630.0,0.548,0.316,-0.429,45.59,0.515,34.18
69930.49,61717.8,73.01,5.72,84697.95,0.367,785.0,0.287,0.087,-0.404,7.12,0.568,15.3
48986.73,19715.69,18.13,5.38,55015.56,0.591,694.0,0.284,0.223,-0.234,79.87,0.7,55.26
81371.26,71273.57,76.91,5.75,28423.48,0.183,683.0,0.603,0.188,0.671,24.33,0.465,56.5
58753.93,42276.97,31.98,7.19,44016.01,0.425,744.0,0.143,0.428,0.934,72.54,0.668,89.23
89471.85,74615.87,72.19,5.52,161527.67,0.444,644.0,0.629,0.658,-0.123,6.83,0.598,19.31
61611.52,38653.21,52.21,5.49,138733.7,0.384,662.0,0.254,0.264,-0.213,95.51,0.616,71.52
110998.69,73014.72,67.87,7.94,113916.49,0.099,703.0,0.456,0.012,0.693,19.3,0.448,48.76
64334.93,41458.93,78.88,6.54,100267.08,0.422,751.0,0.662,0.519,-0.146,88.27,0.57,66.92
73558.77,53950.37,30.19,4.65,185262.51,0.085,725.0,0.507,0.606,0.104,80.95,0.484,66.11
96270.34,45230.27,77.28,6.24,23819.64,0.378,712.0,0.349,0.963,-0.538,96.79,0.673,51.23
55382.71,22983.09,37.26,4.34,63314.15,0.457,704.0,0.514,0.589,0.487,47.79,0.638,70.77
84549.2,46837.29,36.99,3.37,76488.19,0.166,720.0,0.306,0.471,0.064,72.74,0.545,55.02
106142.86,79855.56,33.83,5.58,158660.9,0.513,710.0,0.266,0.573,0.618,37.07,0.706,59.32
47850.34,23969.51,47.9,7.57,198577.78,0.067,649.0,0.698,0.928,0.561,18.44,0.462,45.18
83692.68,61657.75,20.79,7.57,55727.4,0.514,702.0,0.55,0.828,-0.57,44.31,0.678,36.49
85197.66,75396.18,48.76,4.05,176118.39,0.303,646.0,0.487,0.323,0.431,16.57,0.537,44.12
95636.46,42744.75,47.92,5.17,167818.32,0.17,704.0,0.313,0.237,0.6,98.2,0.528,82.13
55260.99,40688.72,63.33,3.27,52684.91,0.124,676.0,0.129,0.263,-0.308,9.62,0.541,27.4
53590.87,33326.83,68.36,7.97,85873.19,0.574,827.0,0.119,0.504,-0.655,58.92,0.712,40.04
90438.83,75432.42,40.83,7.89,87837.85,0.09,698.0,0.433,0.744,-0.995,62.65,0.523,17.16
85939.69,41987.98,31.16,5.9,195861.93,0.16,630.0,0.557,0.503,-0.098,53.81,0.478,45.98
85009.86,63443.96,28.15,6.83,44369.46,0.241,693.0,0.422,0.068,-0.295,66.22,0.516,44.44
86928.96,71199.83,23.62,6.29,161840.01,0.391,726.0,0.604,0.724,0.11,11.62,0.599,25.27
66399.51,57920.76,14.04,5.56,73496.62,0.35,784.0,0.12,0.806,-0.624,55.5,0.667,38.97
84645.07,62774.82,33.97,2.32,148865.37,0.119,671.0,0.32,0.289,0.719,28.72,0.502,60.14
85861.45,55688.65,28.92,4.73,89802.09,0.209,621.0,0.242,0.664,-0.484,94.02,0.574,51.86
65712.97,46585.48,77.65,6.05,119888.35,0.181,741.0,0.368,0.427,-0.547,76.21,0.527,44.88
117315.49,97894.2,49.04,6.07,168196.24,0.167,631.0,0.143,0.889,-0.039,97.25,0.603,64.52
89476.66,61318.79,34.31,4.24,162791.46,0.276,678.0,0.672,0.845,-0.002,3.76,0.553,30.75
56173.93,23323.05,50.63,7.65,174620.4,0.437,687.0,0.234,0.525,-0.57,28.51,0.676,20.28
93131.07,80602.55,19.74,3.0,21327.29,0.17,697.0,0.653,0.692,-0.456,19.54,0.505,21.42
60506.37,45062.93,41.08,5.0,141489.61,0.252,734.0,0.356,0.883,-0.661,1.12,0.606,20.68
95741.69,70681.94,53.84,6.15,36597.6,0.265,666.0,0.691,0.496,0.437,24.23,0.505,43.09
103171.91,52394.57,44.22,6.18,89005.53,0.587,686.0,0.432,0.313,0.54,67.88,0.675,73.3
63586.35,46382.6,38.12,5.89,114231.8,0.575,699.0,0.658,0.754,-0.075,23.11,0.673,37.11
99267.52,59255.98,79.57,3.65,86520.5,0.49,707.0,0.103,0.22,0.428,50.9,0.695,68.59
88255.62,64039.73,71.62,2.94,108726.22,0.183,705.0,0.549,0.389,0.472,88.78,0.501,69.38
96441.2,43716.46,53.64,5.82,199340.0,0.087,722.0,0.642,0.866,-0.723,69.38,0.485,32.43
117935.86,85966.12,49.86,5.6,35691.29,0.224,742.0,0.184,0.724,0.932,39.46,0.611,78.52
75092.24,67561.0,53.45,3.08,138336.65,0.197,720.0,0.158,0.404,0.642,37.25,0.581,65.86
64925.28,27535.2,24.09,6.23,85240.18,0.328,723.0,0.355,0.215,-0.591,45.57,0.574,20.35
62209.71,55278.75,37.66,4.73,35271.86,0.478,621.0,0.66,0.356,-0.628,17.7,0.567,21.56
63683.79,38430.24,12.76,6.01,40159.99,0.522,703.0,0.425,0.284,-0.749,63.4,0.651,40.15
78457.97,65541.96,43.29,7.02,190361.89,0.515,724.0,0.416,0.176,-0.723,36.42,0.632,28.61
86823.04,68693.76,48.01,3.02,177124.28,0.248,736.0,0.185,0.743,0.496,85.24,0.624,82.03
85533.82,58463.06,25.94,2.11,182337.97,0.428,665.0,0.1,0.252,-0.061,75.66,0.664,62.75
96543.66,74263.76,77.48,6.67,198391.23,0.222,667.0,0.586,0.454,0.566,61.05,0.505,71.83
80260.04,67358.86,73.66,5.66,49579.92,0.083,671.0,0.153,0.386,0.493,36.42,0.531,65.53
109070.68,65668.2,60.55,6.2,77533.47,0.436,727.0,0.48,0.982,0.209,20.99,0.667,43.26
74706.86,42098.56,47.34,7.03,137151.62,0.055,752.0,0.649,0.391,0.373,77.62,0.413,68.28
134403.38,98624.76,70.9,6.82,101922.48,0.275,680.0,0.225,0.08,-0.963,48.64,0.566,18.42
92513.35,74373.6,19.15,7.77,89494.01,0.231,745.0,0.499,0.09,-0.376,22.48,0.486,21.33
62856.85,49100.16,65.34,5.22,77984.14,0.431,706.0,0.147,0.591,0.276,19.52,0.7,43.39
58582.15,46801.68,18.74,4.93,122818.32,0.471,694.0,0.462,0.599,-0.981,16.54,0.654,8.45
89649.45,55384.68,65.59,4.41,119362.75,0.217,689.0,0.198,0.419,-0.934,77.72,0.585,27.35
75530.74,61098.11,29.3,2.92,40676.99,0.496,737.0,0.542,0.432,0.704,22.9,0.62,58.97
94280.01,43378.66,71.4,5.44,99630.57,0.212,716.0,0.281,0.054,0.368,52.66,0.528,53.02
89464.75,60142.19,76.08,3.66,115159.64,0.295,814.0,0.378,0.517,-0.469,45.15,0.554,29.44
78543.42,31643.52,20.42,7.53,118354.52,0.45,657.0,0.46,0.505,0.376,57.96,0.623,63.6
63064.13,35460.51,42.39,5.5,49920.37,0.431,726.0,0.203,0.15,0.585,87.72,0.638,85.0
49703.06,28988.35,78.67,5.56,151031.56,0.593,674.0,0.545,0.104,-0.386,86.77,0.629,46.51
71069.7,42505.82,43.84,4.13,14787.83,0.174,657.0,0.282,0.124,-0.928,45.11,0.51,8.49
97127.98,72625.85,70.45,2.31,77418.05,0.414,699.0,0.497,0.101,0.866,1.54,0.576,57.2
84281.87,50086.95,51.21,2.19,158240.4,0.385,707.0,0.195,0.61,-0.31,42.64,0.674,37.47
55085.22,34392.28,36.27,4.54,117139.66,0.553,846.0,0.513,0.196,-0.787,60.62,0.587,35.35
83463.62,43298.59,30.0,2.51,59620.86,0.136,691.0,0.177,0.251,-0.016,55.78,0.541,49.99
87706.35,51450.81,24.23,5.64,142041.09,0.463,643.0,0.355,0.174,0.537,65.13,0.612,75.78
62322.85,32011.19,63.33,7.29,117804.28,0.363,714.0,0.248,0.958,-0.557,15.41,0.686,30.83
83074.5,36270.16,37.06,7.3,161286.29,0.201,596.0,0.549,0.855,-0.461,64.65,0.519,36.46
81164.17,56954.87,45.79,5.95,149654.79,0.311,695.0,0.257,0.23,-0.515,18.27,0.594,18.71
57140.59,41947.28,44.46,3.27,125920.51,0.234,701.0,0.629,0.328,0.983,75.05,0.5,88.88
87155.75,61858.37,50.41,7.18,102753.76,0.369,740.0,0.635,0.21,-0.605,33.91,0.527,24.33
91215.69,57625.24,70.59,7.32,35304.6,0.539,749.0,0.218,0.492,0.151,70.99,0.704,67.19
101661.02,59969.12,78.65,3.18,59653.27,0.363,675.0,0.468,0.02,0.851,4.79,0.545,61.62
101076.04,84061.59,38.53,6.42,89628.9,0.397,692.0,0.153,0.671,-0.706,40.79,0.693,28.71
52446.61,34590.69,67.93,3.72,123866.86,0.335,662.0,0.335,0.523,0.942,70.5,0.606,86.91
61243.5,39170.79,63.52,6.82,107604.49,0.078,644.0,0.528,0.899,0.895,22.69,0.496,60.81
90300.71,37278.03,50.15,7.98,64755.06,0.178,715.0,0.496,0.164,0.769,79.53,0.483,74.37
90275.72,51513.48,76.92,2.18,11228.23,0.321,636.0,0.475,0.804,-0.571,63.08,0.591,38.05
90300.95,53286.39,24.03,7.38,104285.45,0.221,679.0,0.27,0.792,0.268,58.76,0.606,68.84
157054.63,94140.33,17.65,5.74,64268.94,0.15,650.0,0.327,0.127,0.522,35.35,0.49,56.51
91417.81,63086.17,69.78,7.84,149575.58,0.327,727.0,0.162,0.399,0.972,48.25,0.629,80.05
102711.31,68488.03,40.74,4.79,14549.79,0.228,790.0,0.531,0.17,-0.639,59.73,0.47,27.41
99080.04,69747.64,69.29,7.08,121117.28,0.192,635.0,0.402,0.255,0.532,47.25,0.499,61.46
93027.83,72788.84,72.52,2.37,188880.11,0.305,607.0,0.525,0.263,-0.322,69.83,0.511,47.54
73694.62,59434.18,14.37,4.01,43137.76,0.123,694.0,0.249,0.556,-0.649,43.37,0.553,28.58
95179.38,72247.01,71.84,2.4,99613.4,0.56,701.0,0.295,0.411,-0.157,20.23,0.706,37.02
64543.5,56653.82,41.38,7.85,27370.18,0.527,711.0,0.301,0.948,0.588,21.39,0.742,64.9
75263.63,30791.58,45.73,6.9,128879.56,0.439,678.0,0.115,0.126,-0.07,0.58,0.657,33.39
70292.73,34997.98,53.86,7.12,114601.02,0.108,690.0,0.305,0.974,0.075,30.1,0.576,38.07
81637.48,32963.7,74.85,7.63,87399.45,0.477,718.0,0.582,0.231,0.99,74.89,0.591,90.05
126293.17,91403.09,11.34,2.51,109061.63,0.494,752.0,0.638,0.773,-0.202,79.42,0.629,46.36
42654.7,36214.49,43.38,4.31,180349.19,0.472,602.0,0.411,0.339,0.231,20.25,0.606,47.74
93725.2,48900.3,58.14,2.43,47295.92,0.113,682.0,0.373,0.143,-0.27,95.9,0.478,57.49
47745.68,41229.22,60.59,3.26,14287.26,0.404,711.0,0.118,0.858,-0.214,50.24,0.72,53.4
70561.36,30350.82,58.48,3.38,173716.33,0.509,654.0,0.628,0.309,0.391,91.7,0.593,76.08
101779.01,88264.59,19.41,4.81,119652.25,0.368,787.0,0.108,0.659,0.876,70.68,0.661,89.13
81285.6,46805.17,30.96,3.61,179225.11,0.406,668.0,0.667,0.566,0.085,72.24,0.574,67.27
58445.1,26341.82,35.11,2.61,123419.59,0.302,698.0,0.394,0.472,0.537,8.5,0.589,56.0
65693.93,42236.98,66.31,3.0,163930.61,0.341,728.0,0.305,0.496,-0.822,22.0,0.615,14.76
93591.95,49452.89,29.51,2.88,91637.94,0.069,670.0,0.655,0.732,-0.578,0.88,0.459,6.69
65392.67,35471.37,24.75,7.84,152473.39,0.401,608.0,0.115,0.088,0.004,71.61,0.614,65.02
84329.17,46688.42,77.02,6.56,183477.88,0.095,679.0,0.449,0.668,-0.96,34.44,0.507,2.84
80911.44,64851.56,10.62,7.81,118703.36,0.289,751.0,0.429,0.896,-0.494,78.67,0.601,45.08
66967.99,44840.47,79.85,4.64,44349.18,0.211,683.0,0.232,0.058,0.035,33.89,0.538,48.17
122878.88,68278.12,57.38,3.67,61071.55,0.35,658.0,0.357,0.141,-0.97,81.93,0.568,36.93
92678.38,65353.73,67.99,6.79,47742.47,0.123,746.0,0.491,0.717,-0.471,13.07,0.506,18.27
39497.15,29941.81,30.62,3.96,56902.84,0.43,683.0,0.536,0.437,0.028,17.34,0.603,30.39
83729.09,44904.91,11.0,3.8,68218.94,0.487,674.0,0.1,0.404,0.146,34.09,0.706,53.08
66764.27,40510.86,61.65,3.4,115475.42,0.14,707.0,0.662,0.137,0.852,40.85,0.435,60.66
97048.67,44733.91,68.39,2.78,121718.41,0.107,739.0,0.199,0.507,0.291,34.87,0.54,51.34
64149.59,31470.16,61.83,3.54,91034.95,0.13,819.0,0.24,0.127,-0.171,76.36,0.475,45.11
77705.27,57545.33,20.0,4.13,126929.95,0.532,741.0,0.258,0.477,0.861,9.7,0.694,59.29
90099.75,44213.67,62.74,6.04,25499.24,0.341,758.0,0.123,0.764,0.57,35.12,0.668,54.2
97315.1,64479.21,63.82,2.38,26679.77,0.307,675.0,0.174,0.258,-0.6,83.72,0.605,51.85
55994.07,42248.82,56.1,3.26,42647.6,0.109,649.0,0.692,0.481,-0.738,6.68,0.435,0.28
73309.98,33241.56,63.63,6.85,108434.72,0.407,703.0,0.289,0.992,0.352,94.23,0.703,84.19
70501.09,48198.5,69.21,2.88,50658.99,0.527,705.0,0.169,0.687,0.12,98.63,0.744,80.23
66933.42,35359.68,52.95,4.06,63824.04,0.506,646.0,0.164,0.841,0.579,8.86,0.734,52.31
115309.08,101640.74,16.2,7.19,86059.44,0.394,691.0,0.532,0.415,0.478,29.13,0.59,49.17
88099.63,56539.95,44.13,2.93,164254.56,0.091,720.0,0.613,0.768,0.25,37.24,0.484,41.57
54782.32,43990.0,15.44,2.5,12633.81,0.112,718.0,0.254,0.041,0.973,77.64,0.492,81.2
98357.24,66402.28,38.53,4.91,133381.98,0.077,725.0,0.113,0.123,0.067,59.59,0.512,53.27
122443.12,51635.03,38.5,3.81,137086.54,0.192,715.0,0.234,0.203,-0.774,64.44,0.545,25.83
100649.31,72122.85,14.62,5.38,161744.6,0.125,675.0,0.134,0.402,0.657,75.75,0.554,86.44
49612.6,43445.84,34.42,6.82,187223.06,0.193,674.0,0.162,0.846,-0.496,11.8,0.62,25.98
70315.32,49277.39,17.77,2.82,13826.19,0.262,640.0,0.359,0.346,0.555,83.32,0.546,81.33
105338.22,85281.24,66.58,5.48,39218.9,0.569,789.0,0.238,0.655,0.914,70.56,0.714,90.74
65846.61,55449.64,76.34,5.03,178372.55,0.386,701.0,0.41,0.709,0.394,57.73,0.643,74.63
88876.39,45686.01,15.06,2.86,97118.53,0.509,689.0,0.252,0.586,0.192,88.97,0.708,75.66
95492.68,48321.44,76.86,5.74,117272.22,0.441,654.0,0.664,0.357,-0.079,70.03,0.563,53.62
61461.39,43360.43,46.58,3.64,135975.17,0.112,847.0,0.644,0.577,-0.271,20.17,0.422,21.88
78809.49,47720.27,30.97,4.93,139022.65,0.455,646.0,0.44,0.342,-0.294,42.97,0.609,42.34
30000.0,24597.92,15.38,2.49,187030.68,0.201,679.0,0.313,0.084,0.273,49.4,0.519,57.07
59512.25,50586.1,45.04,4.76,199420.39,0.402,721.0,0.329,0.993,0.503,5.52,0.687,49.25
74948.64,43223.68,65.62,3.84,146829.92,0.238,730.0,0.347,0.127,0.357,95.46,0.528,72.62
55044.34,28536.93,59.5,6.93,64572.03,0.599,748.0,0.537,0.072,-0.603,12.86,0.623,21.37
112648.23,89021.7,13.52,2.34,177152.96,0.195,790.0,0.371,0.879,-0.012,69.75,0.56,59.1
51397.17,27621.0,15.1,4.51,19351.97,0.204,725.0,0.614,0.302,0.583,50.62,0.48,59.77
71199.11,57764.35,38.2,4.75,53905.36,0.562,647.0,0.666,0.65,-0.049,2.56,0.638,23.52
82614.81,50549.45,30.67,6.35,180503.29,0.064,687.0,0.302,0.329,0.073,92.47,0.493,62.82
108825.47,79853.4,26.27,5.45,58676.39,0.433,715.0,0.436,0.391,0.542,85.18,0.62,84.44
51282.76,22962.76,29.67,6.0,51923.7,0.449,803.0,0.157,0.262,0.323,52.43,0.638,71.57
103263.28,73516.19,66.24,6.66,36243.81,0.51,630.0,0.22,0.343,-0.181,22.89,0.67,31.21
80204.66,50198.8,75.05,7.17,173231.23,0.586,760.0,0.348,0.411,0.791,12.16,0.685,60.69
60369.83,41854.66,38.36,3.88,105011.07,0.587,709.0,0.224,0.72,-0.675,36.34,0.759,30.28
89242.07,43193.8,73.43,5.23,138229.71,0.086,742.0,0.626,0.512,0.991,25.54,0.446,69.0
83981.19,64534.25,32.5,7.04,55422.61,0.502,695.0,0.195,0.944,-0.762,50.67,0.754,34.94
67995.66,56531.49,43.35,7.94,154027.68,0.405,658.0,0.373,0.042,-0.97,96.64,0.577,33.86
81396.04,41379.3,25.82,7.34,154401.05,0.406,738.0,0.463,0.503,0.78,57.5,0.607,79.53
72293.73,32377.27,54.83,4.23,69393.62,0.121,733.0,0.515,0.584,-0.51,88.99,0.492,42.88
82270.35,33880.52,78.53,3.17,88029.7,0.408,749.0,0.33,0.92,0.459,65.09,0.672,67.29
93242.61,67226.6,52.24,4.94,49841.15,0.59,699.0,0.621,0.049,0.622,47.52,0.617,64.03
111720.34,78600.51,35.05,6.45,195546.59,0.552,670.0,0.441,0.573,0.718,85.46,0.679,98.35
55243.69,37198.27,55.35,4.96,132664.49,0.292,622.0,0.364,0.854,0.983,47.14,0.602,80.36
122660.67,63289.66,18.6,4.9,187563.34,0.072,741.0,0.14,0.242,-0.412,86.86,0.51,48.45
40958.24,24388.71,72.21,7.03,67643.25,0.249,721.0,0.379,0.876,0.42,29.16,0.604,53.23
76964.3,53662.45,45.22,4.17,158559.27,0.505,652.0,0.592,0.019,-0.769,12.88,0.568,11.95
91766.34,59499.78,41.45,7.16,155513.14,0.436,673.0,0.469,0.732,-0.186,85.53,0.644,62.24
85619.84,76534.95,51.01,4.44,141414.57,0.303,677.0,0.599,0.933,0.696,58.74,0.586,75.15
67546.01,31626.38,53.73,3.97,193471.41,0.08,626.0,0.396,0.657,-0.265,88.91,0.492,52.82
75837.55,56694.05,15.02,4.72,84775.51,0.285,659.0,0.171,0.439,0.182,93.78,0.609,77.78
70139.98,42235.45,57.78,6.57,34836.29,0.308,643.0,0.108,0.045,0.008,5.36,0.586,31.79
68212.7,41889.41,26.94,2.76,137624.68,0.561,679.0,0.282,0.92,0.292,50.1,0.753,61.54
96992.04,73597.45,59.98,3.18,148568.86,0.403,663.0,0.519,0.47,0.946,37.5,0.591,69.87
87140.31,65025.67,67.58,7.71,119261.51,0.221,619.0,0.574,0.029,-0.889,62.59,0.448,10.88
66141.81,59238.46,66.28,3.05,49295.4,0.339,801.0,0.277,0.69,0.148,79.36,0.613,76.98
97992.0,45487.61,48.68,5.41,105846.63,0.086,763.0,0.397,0.482,0.726,28.06,0.481,61.38
86145.99,38942.71,46.41,5.48,69316.05,0.585,661.0,0.353,0.124,-0.037,55.68,0.662,50.11
96257.24,73364.33,20.0,4.94,91218.64,0.248,714.0,0.346,0.214,-0.843,70.87,0.547,28.98
92592.58,63814.2,64.27,5.87,132591.53,0.313,721.0,0.239,0.064,0.121,13.44,0.576,34.65
63420.1,34061.69,29.0,3.38,151590.8,0.245,760.0,0.182,0.574,-0.336,81.41,0.598,60.11
68796.38,30250.43,44.77,5.32,54122.69,0.425,659.0,0.218,0.622,-0.69,60.61,0.674,30.16
94945.87,42044.8,29.9,4.23,87011.82,0.414,755.0,0.133,0.506,0.698,94.95,0.67,93.01
92207.41,78108.47,19.37,5.97,61140.7,0.443,673.0,0.219,0.817,0.043,33.95,0.706,49.62
79581.97,39467.38,54.07,2.85,47740.01,0.197,633.0,0.106,0.861,0.867,10.81,0.62,65.48
82346.55,46252.88,13.8,5.43,158843.57,0.224,736.0,0.476,0.616,0.612,50.65,0.543,65.25
105553.3,54183.48,62.41,3.11,182758.01,0.119,765.0,0.29,0.013,0.386,8.58,0.468,29.62
68168.57,39367.22,32.23,3.67,80344.12,0.411,829.0,0.684,0.695,-0.99,96.95,0.551,35.39
90941.95,39533.55,10.01,3.31,152743.0,0.072,640.0,0.216,0.418,-0.144,3.87,0.506,17.66
75956.15,50095.35,45.78,3.1,180429.1,0.379,735.0,0.307,0.566,-0.605,75.35,0.634,44.1
75646.38,32815.87,13.28,6.95,170763.6,0.528,680.0,0.315,0.649,0.822,52.51,0.706,88.13
101975.54,81598.61,29.33,3.71,44734.54,0.54,739.0,0.105,0.35,-0.651,36.86,0.716,22.33
96508.33,49880.91,59.49,7.56,191695.46,0.297,626.0,0.604,0.917,-0.428,6.58,0.564,13.99
96270.19,64501.6,14.39,7.82,81568.52,0.303,637.0,0.119,0.134,0.034,62.22,0.588,52.55
106109.58,89136.24,68.75,5.43,74455.73,0.092,661.0,0.664,0.672,-0.473,58.52,0.458,30.18
80420.08,58339.83,10.27,2.86,21861.95,0.419,704.0,0.635,0.004,-0.58,28.09,0.54,24.51
93639.06,62408.46,27.28,4.25,102372.99,0.502,668.0,0.421,0.925,0.198,91.02,0.698,76.37
73794.66,41484.92,61.86,6.79,30712.59,0.185,733.0,0.426,0.113,-0.822,30.41,0.488,13.99
86483.33,48992.89,32.14,4.2,57222.57,0.282,751.0,0.492,0.095,-0.884,44.97,0.506,13.63
77397.14,56867.04,17.13,2.52,70219.1,0.511,730.0,0.332,0.333,-0.256,54.38,0.661,48.28
81939.92,73505.82,35.22,5.34,163677.0,0.532,781.0,0.488,0.374,0.441,10.02,0.624,52.34
91903.14,67173.81,28.93,7.07,176342.84,0.184,721.0,0.127,0.214,0.11,93.22,0.562,65.02
63635.59,43201.67,68.99,6.78,67468.6,0.353,639.0,0.132,0.585,-0.154,37.45,0.652,46.84
121847.75,93253.16,31.93,3.05,173152.64,0.156,768.0,0.374,0.443,0.132,8.08,0.508,32.82
59879.65,37880.04,65.23,6.04,172873.88,0.106,670.0,0.43,0.034,-0.269,38.73,0.449,35.11
55716.23,23961.94,72.43,3.32,155283.68,0.551,746.0,0.633,0.32,0.872,60.02,0.61,79.66
103162.22,70268.78,40.37,3.31,37872.07,0.501,779.0,0.163,0.81,-0.89,51.37,0.721,31.81
95833.25,84219.48,73.7,7.24,141161.34,0.468,723.0,0.594,0.69,0.347,69.45,0.629,69.45
92482.4,45099.18,36.41,3.5,189554.57,0.077,625.0,0.226,0.725,0.783,5.55,0.532,51.8
92566.91,68962.57,77.49,3.58,139682.69,0.514,654.0,0.336,0.698,0.608,28.45,0.692,65.51
79755.06,39914.77,16.25,2.0,73007.2,0.291,766.0,0.29,0.311,-0.632,81.92,0.566,44.8
62054.91,41447.34,58.09,7.22,105110.07,0.238,692.0,0.34,0.1,-0.408,7.99,0.534,11.42
81516.09,36546.78,44.57,6.76,132687.76,0.351,704.0,0.19,0.272,0.434,85.55,0.628,85.81
66456.77,41547.8,37.14,5.76,107008.38,0.1,738.0,0.402,0.832,-0.831,9.19,0.529,0.0
99502.39,77420.99,54.29,6.5,32791.06,0.466,735.0,0.581,0.98,0.624,83.45,0.656,81.47
77058.85,44215.27,59.27,2.91,69292.17,0.37,714.0,0.365,0.494,0.438,36.08,0.62,58.08
63490.06,46503.66,10.31,4.75,162455.25,0.153,690.0,0.394,0.01,0.459,61.22,0.479,64.3
73572.28,58690.45,21.69,4.11,173669.43,0.154,684.0,0.609,0.14,-0.8,15.29,0.448,12.41
88258.63,76219.17,59.91,2.56,36087.01,0.151,743.0,0.524,0.322,0.436,6.62,0.473,30.06
68725.51,35553.15,56.65,4.92,190953.48,0.081,728.0,0.394,0.579,0.36,21.59,0.502,41.98
63555.59,38111.62,77.62,7.52,72476.3,0.373,687.0,0.255,0.075,0.662,12.79,0.601,44.4
84873.74,40417.56,63.27,2.24,135839.61,0.512,754.0,0.631,0.943,-0.917,31.24,0.654,17.85
84899.33,76090.33,76.55,3.75,152846.78,0.06,694.0,0.446,0.365,-0.954,51.44,0.469,16.76
69861.14,60325.13,59.18,3.25,164269.78,0.077,657.0,0.233,0.913,-0.254,58.88,0.56,51.91
70579.23,47286.57,30.86,3.43,189692.44,0.365,662.0,0.261,0.781,-0.702,78.99,0.658,44.04
84641.0,69491.67,17.38,7.45,69454.71,0.501,651.0,0.582,0.755,0.117,65.62,0.642,67.08
51038.31,33709.73,64.73,4.81,173116.23,0.23,686.0,0.126,0.607,0.835,60.88,0.622,83.43
51850.72,36906.97,55.09,4.8,35020.51,0.242,762.0,0.695,0.627,-0.217,41.18,0.499,32.72
65631.12,29177.11,13.37,6.56,143957.77,0.378,660.0,0.178,0.638,0.69,47.38,0.665,65.86
75731.06,58891.14,35.2,2.93,150975.77,0.201,709.0,0.578,0.629,-1.0,41.45,0.524,14.19
86218.15,39992.87,76.98,4.92,138767.42,0.065,667.0,0.337,0.554,-0.663,84.22,0.502,31.45
109507.12,89033.0,45.03,4.58,57939.8,0.454,687.0,0.395,0.986,-0.939,23.0,0.697,22.34
97153.19,76849.54,40.29,5.58,175878.2,0.394,624.0,0.628,0.732,-0.344,0.57,0.579,18.03
76801.23,57936.72,42.04,8.0,42083.11,0.369,689.0,0.348,0.777,0.816,65.13,0.652,89.12
79619.68,33287.41,24.62,6.62,20190.61,0.458,690.0,0.422,0.872,-0.806,20.25,0.682,15.64
59949.41,33065.95,35.81,4.39,146318.35,0.421,727.0,0.13,0.216,0.213,89.01,0.655,76.07
79629.74,42327.69,35.89,6.97,100340.39,0.163,711.0,0.101,0.084,-0.097,85.9,0.549,59.97
74226.83,43056.62,13.66,3.02,171328.62,0.244,640.0,0.247,0.483,0.877,7.67,0.575,57.92
86454.37,38370.3,63.73,2.18,82845.46,0.119,754.0,0.508,0.514,-0.755,10.64,0.478,3.36
63455.38,55109.66,39.16,3.23,41972.93,0.121,711.0,0.173,0.829,-0.576,49.52,0.593,34.15
90386.93,61183.01,67.55,4.04,168924.02,0.422,710.0,0.168,0.444,-0.941,60.92,0.676,25.31
110654.78,61165.77,69.52,5.06,114292.83,0.522,700.0,0.347,0.571,-0.132,27.49,0.697,35.81
77824.8,46577.42,24.84,5.69,45947.2,0.58,674.0,0.489,0.527,-0.444,71.68,0.678,55.44
88034.23,54898.26,56.01,7.46,146872.96,0.396,711.0,0.527,0.038,0.74,59.49,0.553,77.27
93802.88,65689.89,43.06,5.06,107111.59,0.151,724.0,0.207,0.615,0.21,32.48,0.572,48.23
71975.59,47348.4,71.61,5.01,124819.47,0.108,613.0,0.148,0.828,0.228,2.54,0.566,44.47
84481.85,72628.71,25.1,2.3,97570.68,0.497,673.0,0.664,0.158,0.064,75.02,0.572,59.19
80251.85,52041.86,57.45,2.21,167454.71,0.368,687.0,0.256,0.594,-0.816,21.48,0.651,23.26
81953.52,73436.83,52.54,5.31,167616.92,0.39,713.0,0.612,0.594,-0.11,83.45,0.588,60.38
64539.8,53291.32,30.67,4.63,144783.88,0.48,760.0,0.618,0.164,0.999,42.03,0.564,69.84
80490.2,40587.61,19.56,7.04,30026.26,0.437,661.0,0.564,0.123,0.67,57.71,0.561,80.47
89959.97,77842.14,55.61,2.96,169382.23,0.509,675.0,0.201,0.98,0.787,87.29,0.753,100.0
109022.87,49952.45,61.7,2.15,137492.47,0.081,674.0,0.593,0.394,0.646,86.36,0.444,75.54
99185.42,80213.71,32.09,4.69,142434.59,0.461,660.0,0.562,0.227,-0.794,37.15,0.581,23.72
123063.65,72645.91,55.14,3.42,78966.74,0.518,683.0,0.458,0.171,-0.545,20.89,0.627,21.31
64653.05,54243.08,37.66,2.3,177063.12,0.207,739.0,0.302,0.668,-0.994,77.51,0.576,34.12
97446.41,81273.07,59.92,6.35,147820.6,0.402,647.0,0.258,0.609,-0.393,43.31,0.652,26.17
83666.84,67181.35,23.95,2.67,31392.19,0.223,721.0,0.173,0.644,-0.783,19.2,0.611,9.66
123796.06,98419.75,72.32,5.65,87477.83,0.577,615.0,0.406,0.088,-0.054,90.44,0.628,70.86
63834.03,35258.06,30.12,3.69,178412.27,0.068,672.0,0.451,0.894,0.354,19.81,0.517,43.13
63205.56,27839.5,35.75,3.04,18967.37,0.369,684.0,0.316,0.389,0.749,2.58,0.618,55.42
68012.15,40908.63,14.07,4.28,192669.16,0.142,784.0,0.385,0.313,0.498,2.03,0.481,33.1
37522.09,18264.34,17.81,6.81,139040.89,0.442,686.0,0.318,0.462,0.877,62.23,0.654,93.17
69484.9,51938.26,46.11,4.35,129961.44,0.147,590.0,0.485,0.39,-0.892,66.17,0.462,28.75
64817.35,37143.57,28.73,6.5,61406.26,0.179,600.0,0.641,0.864,-0.976,31.1,0.495,6.9
83007.88,73694.82,68.48,2.75,57270.44,0.322,702.0,0.198,0.929,0.323,32.0,0.681,54.53
86835.12,62563.49,11.03,6.64,188991.06,0.553,731.0,0.329,0.303,-0.421,33.95,0.675,39.84
117523.42,95339.73,36.54,3.42,66671.77,0.166,719.0,0.185,0.864,-0.493,68.02,0.609,52.8
99008.48,46163.92,33.61,6.06,157346.01,0.129,708.0,0.475,0.782,-0.338,5.81,0.532,23.54
68461.93,56892.36,11.35,5.39,84693.14,0.467,758.0,0.537,0.931,-0.46,92.91,0.652,66.82
62031.71,53432.78,18.71,7.57,36458.27,0.325,673.0,0.659,0.246,0.023,22.25,0.513,30.64
89838.38,57813.78,38.95,4.32,12035.91,0.551,745.0,0.267,0.577,-0.12,99.97,0.709,67.75
53595.34,37684.3,44.5,2.4,113408.89,0.131,618.0,0.67,0.275,0.025,17.15,0.417,22.51
116629.18,91251.24,38.3,2.11,195397.98,0.405,655.0,0.138,0.824,0.345,77.15,0.701,78.48
103588.8,50491.18,47.17,6.96,80135.88,0.178,610.0,0.462,0.005,-0.226,22.34,0.448,25.42
70616.49,45991.32,51.66,5.15,77866.54,0.136,686.0,0.134,0.565,-0.497,8.08,0.579,16.52
45737.31,27411.81,10.69,6.65,75377.41,0.426,698.0,0.636,0.339,-0.668,87.49,0.576,47.83
107077.45,50667.66,42.49,3.41,108903.33,0.377,706.0,0.418,0.323,-0.301,85.88,0.597,61.34
77709.2,45364.08,77.44,4.07,93726.33,0.465,703.0,0.502,0.645,0.484,40.36,0.649,55.48
104756.33,45473.27,46.33,2.18,177183.78,0.22,654.0,0.599,0.851,0.513,70.24,0.537,67.37
48111.45,19865.5,57.43,7.77,106048.95,0.296,690.0,0.19,0.609,0.334,55.71,0.638,68.3
68012.5,31801.5,31.83,6.01,106473.99,0.273,625.0,0.123,0.853,-0.532,85.3,0.643,47.99
80104.87,70617.06,64.18,7.6,36290.6,0.591,768.0,0.627,0.265,0.176,31.51,0.613,44.57
80939.61,54615.2,64.1,3.59,196720.51,0.211,685.0,0.289,0.52,0.141,52.37,0.573,58.94
70998.69,62685.53,46.49,5.67,57494.85,0.212,676.0,0.177,0.451,-0.031,48.54,0.586,41.31
92457.0,56976.53,78.32,6.07,23939.17,0.245,779.0,0.381,0.012,0.1,35.39,0.495,40.39
58647.59,32602.67,18.79,3.91,135997.79,0.361,638.0,0.459,0.557,-0.016,89.15,0.586,66.12
77152.41,50386.0,11.19,7.09,123119.61,0.189,644.0,0.119,0.662,0.131,16.59,0.598,37.6
82405.91,51071.55,63.91,7.68,88877.67,0.553,645.0,0.265,0.592,0.431,14.95,0.708,58.24
90288.78,40885.68,66.5,7.31,90216.52,0.196,697.0,0.12,0.736,-0.781,57.69,0.627,28.16
94232.3,67886.19,18.41,6.43,159162.14,0.543,722.0,0.352,0.571,0.499,65.75,0.696,83.13
57507.16,29214.73,28.59,3.66,47185.4,0.107,737.0,0.637,0.067,-0.728,19.46,0.409,5.76
49317.72,35005.42,11.23,3.69,165848.13,0.411,829.0,0.69,0.116,-0.867,39.07,0.493,17.62
105553.54,76536.93,30.53,7.78,133261.95,0.549,588.0,0.482,0.596,0.952,94.66,0.643,100.0
86646.28,41244.71,64.12,2.06,89604.26,0.143,730.0,0.197,0.275,0.914,24.66,0.534,60.87
65030.27,28006.9,46.26,6.3,97025.44,0.583,672.0,0.644,0.08,-0.879,66.84,0.602,20.22
111023.04,87750.48,34.37,6.24,58762.97,0.299,671.0,0.41,0.43,-0.113,74.01,0.57,56.52
82313.49,51849.29,36.02,5.74,152901.72,0.57,669.0,0.192,0.554,-0.628,44.81,0.734,36.17
103585.94,44446.85,10.09,7.94,107446.2,0.422,655.0,0.653,0.329,-0.029,93.75,0.555,67.16
81350.37,73006.52,30.99,3.87,70962.36,0.216,784.0,0.554,0.72,0.66,73.67,0.518,74.03
121214.96,51987.92,55.25,4.04,123249.52,0.154,742.0,0.539,0.644,0.901,45.79,0.503,68.36
115106.82,86044.37,78.19,2.47,199189.55,0.217,701.0,0.526,0.333,0.269,56.93,0.515,66.6
75020.72,66906.44,69.29,4.66,92699.83,0.101,768.0,0.22,0.755,-0.292,69.26,0.548,38.98
99431.42,51663.58,11.65,3.57,184931.37,0.129,624.0,0.227,0.649,0.207,59.22,0.545,60.78
92907.52,43771.03,72.9,4.06,75553.2,0.108,633.0,0.513,0.637,-0.376,87.87,0.481,45.03
107372.63,49465.76,64.82,7.01,20399.21,0.283,591.0,0.232,0.553,0.82,35.69,0.584,66.37
60701.53,33485.25,64.63,7.61,48806.0,0.488,665.0,0.363,0.011,0.741,29.99,0.611,63.19
93721.03,42223.47,42.06,3.11,89552.08,0.128,708.0,0.569,0.697,0.116,21.38,0.504,33.23
101168.49,75479.85,37.86,4.24,51730.64,0.122,705.0,0.57,0.376,-0.35,3.78,0.47,17.37
44825.21,19326.21,31.2,7.57,10043.14,0.404,707.0,0.372,0.943,-0.413,4.3,0.679,30.22
56334.83,36883.04,14.6,2.37,183850.29,0.158,629.0,0.575,0.818,-0.933,87.01,0.505,34.42
39215.36,35229.05,25.98,2.55,170337.09,0.104,740.0,0.603,0.588,0.632,67.84,0.465,69.87
74611.86,60210.66,27.26,2.98,151035.52,0.142,712.0,0.493,0.252,-0.099,66.05,0.479,42.47
94350.85,66763.58,43.89,5.57,41884.77,0.558,737.0,0.237,0.204,-0.35,61.46,0.683,50.84
110047.14,60870.02,62.32,2.9,32869.08,0.502,605.0,0.264,0.34,-0.058,84.92,0.648,75.44
81481.9,58010.87,43.17,7.81,22844.9,0.245,716.0,0.289,0.477,0.637,48.03,0.582,65.55
112572.31,74694.06,14.05,4.68,147565.55,0.411,641.0,0.17,0.296,-0.751,87.04,0.639,42.36
52397.97,32122.14,77.05,5.01,186473.51,0.346,680.0,0.264,0.515,0.715,35.94,0.63,64.53
45932.35,21374.86,75.99,3.48,91801.81,0.422,727.0,0.226,0.165,0.795,92.67,0.631,90.02
78889.05,66527.3,64.96,4.83,32636.73,0.425,705.0,0.373,0.978,0.893,69.87,0.692,75.61
87681.31,54791.38,79.39,5.97,107354.64,0.396,657.0,0.645,0.108,-0.205,25.72,0.525,32.42
79346.11,39459.71,48.11,6.51,76278.06,0.196,700.0,0.163,0.932,-0.566,56.41,0.639,33.32
38651.16,22567.63,77.39,6.52,81216.74,0.071,623.0,0.532,0.914,-0.253,53.3,0.486,30.01
78217.6,47483.16,15.29,5.47,128052.82,0.301,758.0,0.512,0.525,-0.334,13.79,0.55,26.76
53910.61,43870.78,35.6,7.43,146556.44,0.54,690.0,0.157,0.725,-0.648,59.12,0.753,36.48
93393.45,71614.77,25.78,6.9,31014.68,0.363,756.0,0.654,0.436,0.215,31.48,0.538,44.26
87331.96,68525.24,23.71,6.54,16762.14,0.508,674.0,0.441,0.63,-0.047,5.23,0.669,41.45
61202.4,24818.53,19.86,2.33,198922.76,0.595,674.0,0.318,0.341,0.731,94.87,0.699,87.81
69722.66,42396.75,53.57,2.04,54218.39,0.14,662.0,0.554,0.301,-0.936,64.15,0.462,13.02
58815.73,37681.6,64.69,3.27,20227.8,0.43,744.0,0.254,0.578,0.288,87.69,0.664,78.24
78746.42,32254.23,50.48,5.98,46076.31,0.421,665.0,0.516,0.498,0.526,67.61,0.602,78.69
99102.85,52515.25,20.29,4.47,17401.99,0.589,732.0,0.124,0.58,0.519,35.7,0.757,59.85
60285.48,47031.41,66.78,4.41,84444.07,0.592,681.0,0.604,0.287,0.772,51.27,0.638,77.61
90080.93,42207.86,54.52,7.31,162456.34,0.428,601.0,0.369,0.367,0.458,67.57,0.599,73.63
69394.85,46331.82,37.17,7.37,74836.45,0.184,671.0,0.482,0.084,0.856,96.03,0.476,77.56
64142.54,32558.82,57.19,7.46,94394.85,0.489,641.0,0.233,0.052,-0.335,25.37,0.634,35.78
77859.39,31615.62,28.19,3.88,138361.49,0.109,702.0,0.506,0.253,0.006,87.5,0.467,62.93
59295.15,30869.1,34.16,6.15,106689.87,0.479,640.0,0.563,0.074,-0.972,92.41,0.566,34.52
68927.01,61202.84,74.22,3.63,173674.68,0.551,746.0,0.384,0.104,-0.986,67.04,0.637,35.37
56042.44,44877.03,30.34,3.14,174546.78,0.261,695.0,0.471,0.813,-0.52,93.13,0.59,56.83
119294.5,104953.91,42.9,3.11,11883.03,0.397,691.0,0.374,0.039,-0.798,39.79,0.585,21.72
80705.27,51968.3,72.31,4.05,157828.8,0.287,733.0,0.636,0.659,-0.48,95.3,0.542,48.56
66005.49,30023.79,59.54,4.58,97539.38,0.291,748.0,0.399,0.273,-0.646,70.28,0.547,31.21
84279.6,56802.74,14.35,6.99,197879.7,0.221,699.0,0.605,0.872,-0.943,4.2,0.554,0.91
77753.44,48766.08,20.31,2.72,101814.09,0.469,661.0,0.581,0.485,0.819,90.69,0.606,94.0
75580.61,62140.75,10.55,6.41,197510.23,0.565,611.0,0.346,0.306,-0.984,48.45,0.656,21.05
92283.33,41439.03,54.16,5.19,153368.18,0.567,666.0,0.238,0.518,0.472,46.03,0.719,57.54
95150.15,61288.17,41.34,3.73,57234.93,0.146,669.0,0.344,0.382,-0.696,56.65,0.517,33.98
69389.98,32961.93,19.4,4.96,112295.05,0.531,705.0,0.596,0.564,0.824,14.94,0.648,64.05
68483.64,38510.95,77.06,3.8,198505.77,0.456,683.0,0.237,0.115,0.786,46.92,0.64,72.45
74498.97,57265.76,47.08,5.58,172930.82,0.189,734.0,0.415,0.997,0.308,83.11,0.58,75.78
33961.58,21667.79,26.93,4.6,28499.71,0.087,669.0,0.584,0.426,0.344,1.55,0.45,41.07
49696.18,29218.58,45.04,2.99,144210.68,0.197,697.0,0.312,0.348,-0.989,27.29,0.55,0.0
107337.49,64106.04,57.57,2.7,75660.12,0.552,759.0,0.485,0.71,0.97,0.25,0.674,65.05
112899.35,71095.36,15.34,5.28,11326.63,0.398,717.0,0.247,0.364,0.756,41.57,0.64,64.17
75019.28,59453.4,29.23,7.41,86661.38,0.447,697.0,0.166,0.833,0.79,72.83,0.728,91.72
91531.14,77439.22,66.49,4.06,54603.34,0.191,670.0,0.577,0.454,0.318,79.88,0.496,66.95
86225.0,75676.87,42.18,6.4,165585.16,0.446,668.0,0.159,0.72,-0.31,94.52,0.707,67.03
141577.62,112335.0,48.26,5.95,74092.82,0.065,657.0,0.263,0.107,0.787,60.85,0.469,68.93
102391.5,57104.09,40.3,7.59,167229.5,0.256,673.0,0.613,0.846,-0.417,25.46,0.555,16.06
77441.65,57621.8,13.07,6.93,10113.61,0.395,738.0,0.308,0.736,0.125,92.41,0.657,71.3
60889.19,37678.33,21.6,5.4,68485.64,0.13,689.0,0.684,0.212,-0.801,77.53,0.433,30.66
47871.07,25244.11,41.19,5.94,55821.39,0.503,633.0,0.688,0.145,0.844,57.44,0.554,81.08
84069.27,68973.44,24.64,7.39,54377.8,0.179,788.0,0.261,0.316,-0.718,69.56,0.52,26.41
64872.99,27195.61,13.5,4.4,22955.46,0.409,716.0,0.125,0.976,-0.55,92.43,0.731,62.13
51554.93,43867.11,69.06,3.96,45553.61,0.273,630.0,0.523,0.257,0.116,71.24,0.505,54.01
67068.54,42302.73,78.68,2.06,115554.42,0.378,678.0,0.371,0.456,0.528,36.84,0.615,63.13
58369.04,41944.04,65.52,6.96,65358.6,0.109,706.0,0.16,0.03,0.239,71.3,0.513,58.76
113742.83,82995.52,69.76,6.81,89305.01,0.059,785.0,0.525,0.397,-0.536,4.03,0.428,7.87
97632.8,82749.54,26.94,2.63,81604.71,0.55,645.0,0.119,0.571,-0.998,38.64,0.734,26.67
79840.55,57352.25,77.24,5.46,176421.94,0.198,749.0,0.622,0.953,0.514,40.63,0.533,52.2
109598.88,77482.77,23.78,4.78,182006.81,0.501,770.0,0.183,0.517,0.97,16.68,0.691,66.92
81547.37,35336.6,76.6,2.71,103661.82,0.6,669.0,0.176,0.819,0.62,2.31,0.775,59.21
62774.32,41381.08,79.64,7.88,72729.63,0.166,686.0,0.205,0.547,-0.08,13.34,0.575,43.72
110462.48,52479.01,59.82,3.29,30292.13,0.196,648.0,0.676,0.041,0.808,65.46,0.429,67.54
90778.2,69782.74,78.68,2.4,191146.55,0.415,690.0,0.516,0.315,-0.18,80.23,0.591,66.41
59255.08,38877.91,49.87,5.57,21443.12,0.581,698.0,0.581,0.576,0.05,98.82,0.673,84.7
76193.23,56391.67,28.17,6.43,66553.55,0.554,733.0,0.339,0.951,-0.046,34.64,0.737,48.85
62487.63,26297.07,40.59,2.19,66632.58,0.327,755.0,0.302,0.859,-0.105,59.94,0.637,51.19
52344.01,23156.78,51.55,5.95,70876.24,0.487,663.0,0.241,0.228,0.55,93.71,0.656,83.36
98523.55,74696.78,15.12,5.19,41214.5,0.125,602.0,0.388,0.22,0.054,16.7,0.459,30.92
118188.33,51535.1,53.56,2.62,158800.67,0.588,699.0,0.431,0.201,-0.367,71.76,0.669,44.1
52028.65,22665.16,78.68,3.04,33274.59,0.58,715.0,0.479,0.922,-0.484,75.5,0.723,51.48
91259.38,37056.26,23.31,5.41,130632.27,0.14,712.0,0.254,0.853,-0.925,8.9,0.586,12.61
66987.15,58831.51,65.48,3.78,33530.75,0.215,684.0,0.669,0.775,0.166,86.12,0.524,62.57
70257.49,54010.74,73.55,7.63,23401.77,0.105,706.0,0.202,0.393,-0.54,81.31,0.539,42.06
68152.12,39298.27,76.06,6.91,182791.61,0.199,776.0,0.679,0.504,-0.704,3.34,0.468,0.0
62720.18,34387.46,77.21,7.9,46124.47,0.499,719.0,0.109,0.464,0.308,9.11,0.717,50.61
80970.43,46545.98,46.5,3.56,166037.53,0.258,681.0,0.389,0.253,0.362,4.91,0.544,41.37
63381.0,49901.56,78.41,7.82,113479.87,0.099,675.0,0.3,0.505,0.504,33.47,0.521,54.89
85409.14,62407.2,63.01,4.59,24792.74,0.238,692.0,0.369,0.03,0.007,50.93,0.521,45.57
78995.24,38912.88,21.32,4.09,191535.16,0.59,782.0,0.442,0.132,0.788,53.23,0.632,75.06
75221.04,36636.76,43.38,2.3,56922.62,0.396,691.0,0.361,0.887,0.873,26.77,0.672,72.98
61848.73,27782.31,60.28,2.32,173332.62,0.279,699.0,0.349,0.752,0.615,91.16,0.617,85.59
68464.57,49989.5,27.31,6.15,42073.9,0.142,676.0,0.54,0.423,0.271,36.83,0.482,48.57
95107.82,74392.04,54.84,4.75,172249.15,0.592,755.0,0.512,0.517,-0.393,4.56,0.667,24.47
90018.34,47936.86,56.66,3.36,12513.47,0.501,798.0,0.6,0.37,0.966,30.02,0.583,75.75
60448.9,24812.61,21.39,5.68,107238.29,0.205,723.0,0.25,0.741,-0.452,53.11,0.598,40.98
81986.65,36163.15,49.56,3.52,156194.09,0.089,704.0,0.466,0.784,-0.595,40.82,0.519,25.41
95027.74,83997.87,64.01,5.47,187611.15,0.081,702.0,0.451,0.763,-0.116,27.38,0.518,40.97
46611.89,25530.38,44.92,4.16,182748.41,0.116,581.0,0.322,0.723,-0.886,13.13,0.512,6.38
90867.2,71295.46,10.85,6.94,165728.73,0.369,737.0,0.392,0.205,0.957,81.92,0.577,96.84
66747.52,47546.38,10.63,6.92,178756.36,0.561,707.0,0.288,0.338,0.177,99.61,0.698,83.09
91411.97,54021.72,34.99,4.86,47851.74,0.323,721.0,0.185,0.47,0.114,32.95,0.632,38.97
64734.82,32551.49,74.83,4.1,63995.02,0.514,664.0,0.228,0.331,0.312,38.16,0.68,65.15
43902.36,20225.52,26.01,4.18,64904.02,0.295,681.0,0.163,0.755,-0.006,61.8,0.654,57.93
47449.15,33570.58,54.41,6.83,81640.25,0.44,679.0,0.51,0.329,-0.936,71.84,0.6,30.38
80961.7,63742.51,25.55,3.97,84730.93,0.453,751.0,0.496,0.138,0.225,39.2,0.578,52.7
85194.45,61506.31,32.52,3.25,113465.51,0.146,681.0,0.67,0.399,0.432,90.49,0.457,70.31
61913.67,41181.94,69.36,2.51,40377.16,0.249,804.0,0.538,0.98,-0.167,56.0,0.553,46.2
92771.85,39054.69,61.02,4.8,141336.87,0.401,722.0,0.131,0.226,0.515,45.04,0.649,62.94
46769.6,41355.76,16.68,4.89,41837.64,0.089,636.0,0.631,0.612,-0.546,64.67,0.448,38.27
78678.4,62892.14,40.01,7.05,68958.61,0.249,694.0,0.618,0.433,-0.557,95.28,0.517,46.67
55779.68,30478.63,12.04,3.33,105635.57,0.344,667.0,0.366,0.071,-0.677,79.46,0.56,37.56
66963.28,59596.32,43.66,4.29,161323.71,0.598,590.0,0.452,0.488,-0.256,4.0,0.659,22.24
80947.97,56739.74,56.37,6.85,150499.15,0.311,780.0,0.686,0.702,0.694,33.23,0.529,61.92
62791.73,43402.36,18.3,6.94,132651.53,0.499,735.0,0.419,0.513,0.656,47.05,0.655,72.16
72308.89,55969.73,30.22,4.31,39596.92,0.288,727.0,0.643,0.872,-0.234,31.45,0.564,35.7
100125.86,80689.92,37.85,4.75,113938.62,0.488,708.0,0.15,0.289,0.178,70.02,0.691,62.78
68462.16,49856.84,74.37,3.82,26614.84,0.377,631.0,0.215,0.086,0.442,82.63,0.592,67.91
96713.84,44879.85,79.53,7.6,81699.0,0.538,676.0,0.364,0.937,-0.518,73.13,0.727,53.22
57405.86,32671.61,13.14,2.71,88568.14,0.276,742.0,0.451,0.378,-0.664,98.93,0.543,54.25
90596.08,78278.8,63.27,7.6,17564.17,0.382,647.0,0.59,0.576,0.944,27.25,0.574,62.8
108831.37,55755.16,36.02,6.1,62057.74,0.397,573.0,0.693,0.792,0.235,87.5,0.555,77.73
30567.11,17914.88,37.47,5.19,191573.4,0.28,689.0,0.333,0.324,0.963,76.66,0.574,89.65
64062.09,39464.71,62.8,2.2,191190.2,0.129,693.0,0.128,0.716,-0.324,36.22,0.595,34.48
91541.44,56728.46,74.29,4.85,76942.14,0.101,707.0,0.581,0.135,0.406,73.41,0.436,61.34
75939.09,53648.67,76.57,4.45,18189.02,0.059,736.0,0.463,0.291,-0.555,10.41,0.447,2.97
87422.92,76192.39,50.4,2.97,44028.04,0.53,732.0,0.219,0.145,-0.478,78.93,0.672,55.76
67920.3,35342.08,35.0,5.94,84521.38,0.18,713.0,0.397,0.811,0.024,53.23,0.569,46.59
81731.8,37657.98,65.13,7.83,190078.14,0.166,760.0,0.545,0.223,-0.361,29.23,0.459,19.9
76886.46,38345.99,27.57,5.37,36827.82,0.455,624.0,0.562,0.717,-0.665,65.58,0.614,41.97
103355.64,87176.6,49.49,6.29,155068.01,0.226,725.0,0.4,0.943,-0.474,64.16,0.596,31.82
85088.42,61510.88,35.1,2.41,30649.68,0.328,731.0,0.283,0.528,-0.929,20.95,0.616,3.73
86752.05,47102.32,55.96,4.51,196438.94,0.139,638.0,0.684,0.54,0.409,3.04,0.451,35.94
71762.46,57982.16,26.83,2.7,82507.13,0.578,625.0,0.498,0.461,-0.016,43.36,0.651,50.89
70247.88,58353.86,23.41,5.68,157294.56,0.518,663.0,0.345,0.326,-0.812,56.95,0.658,33.75
71348.84,58738.44,74.28,7.63,75092.31,0.525,667.0,0.268,0.476,-0.657,87.66,0.692,48.47
87889.04,75537.4,17.13,5.97,129257.09,0.274,738.0,0.539,0.603,-0.795,92.82,0.549,53.37
71580.31,37659.87,45.42,2.46,46483.06,0.469,669.0,0.245,0.986,0.225,52.88,0.726,63.09
85795.5,66707.8,25.46,4.13,37743.99,0.129,657.0,0.203,0.938,-0.812,75.38,0.59,34.14
121508.02,76582.83,12.73,5.3,188232.19,0.055,669.0,0.418,0.862,0.509,43.93,0.514,54.53
97422.49,79983.8,12.52,4.42,184352.98,0.061,756.0,0.274,0.889,-0.959,74.61,0.539,28.63
73479.53,56156.39,22.27,7.0,178619.1,0.373,701.0,0.477,0.468,-0.501,20.48,0.6,26.24
104024.28,81994.4,70.67,6.89,128832.36,0.3,691.0,0.171,0.657,0.781,37.11,0.649,76.73
71838.49,52304.24,29.77,5.67,163570.96,0.335,694.0,0.493,0.895,0.437,63.42,0.623,62.18
39237.51,19175.94,76.53,4.24,23117.02,0.054,765.0,0.27,0.393,-0.854,1.82,0.484,0.0
59838.27,40242.04,50.71,3.53,73609.92,0.282,663.0,0.1,0.962,0.642,72.25,0.676,84.2
42584.16,37999.33,40.56,2.64,69603.59,0.445,766.0,0.176,0.416,-0.014,83.55,0.661,68.99
72969.73,63388.37,50.61,4.13,130772.61,0.293,711.0,0.66,0.601,0.694,39.91,0.542,63.89
80368.37,33882.25,46.17,4.48,77631.98,0.453,692.0,0.62,0.71,0.201,44.79,0.625,57.93
113528.75,54767.11,63.11,6.05,38216.29,0.178,825.0,0.24,0.951,0.364,85.13,0.574,69.62
86538.55,40315.23,29.77,5.95,123328.74,0.497,647.0,0.567,0.245,0.987,77.57,0.591,97.99
75617.99,57695.77,34.71,2.42,164732.94,0.374,682.0,0.465,0.746,-0.535,28.81,0.625,31.67
96588.11,78129.42,72.59,4.37,82603.46,0.166,638.0,0.683,0.521,0.248,32.4,0.46,36.68
35777.29,18130.35,76.25,3.09,35131.06,0.18,748.0,0.324,0.269,-0.079,67.89,0.517,45.26
84712.29,55310.89,72.48,2.94,47370.76,0.395,784.0,0.509,0.777,-0.921,56.32,0.604,19.87
95417.3,78275.73,39.36,6.96,55121.83,0.506,783.0,0.138,0.552,-0.971,16.22,0.701,15.78
50428.28,38648.27,64.63,2.25,66980.54,0.279,761.0,0.338,0.661,-0.762,30.99,0.588,12.55
102875.08,69041.38,43.34,4.52,132131.06,0.192,690.0,0.678,0.323,0.298,90.0,0.47,66.79
86769.93,60320.18,44.83,3.01,124179.64,0.527,682.0,0.423,0.481,0.134,68.82,0.668,67.22
71694.24,46900.96,24.33,7.28,142255.17,0.418,616.0,0.273,0.617,0.107,98.6,0.645,74.56
92655.64,50847.03,51.38,5.34,78875.38,0.296,802.0,0.172,0.405,-0.936,76.7,0.589,33.32
125413.86,85596.34,23.03,3.39,166559.55,0.318,723.0,0.522,0.198,-0.061,94.2,0.534,57.23
83637.33,62263.19,33.21,5.01,48776.66,0.162,675.0,0.487,0.962,0.849,21.62,0.555,64.85
84964.41,71086.45,69.85,6.39,99117.74,0.395,766.0,0.324,0.511,-0.205,77.15,0.621,52.69
70812.78,50853.89,24.5,7.75,162178.36,0.247,651.0,0.671,0.734,0.25,2.02,0.521,32.73
63003.11,49177.76,14.98,3.32,44230.14,0.598,720.0,0.113,0.411,0.56,67.08,0.75,82.32
96606.72,46374.68,14.83,7.32,30873.99,0.314,691.0,0.282,0.355,0.568,46.93,0.602,66.41
62878.32,39662.31,75.85,7.61,177899.95,0.317,732.0,0.653,0.407,0.039,34.68,0.526,41.44
81431.32,32952.47,45.48,7.5,75156.64,0.361,697.0,0.293,0.409,0.716,86.24,0.626,83.51
70446.85,36867.62,38.66,5.81,139935.32,0.554,627.0,0.251,0.544,-0.217,85.43,0.7,61.17
89579.6,68369.91,66.76,5.78,14816.23,0.49,704.0,0.421,0.543,0.777,2.23,0.665,57.48
86673.24,77650.99,68.51,4.42,141108.91,0.298,752.0,0.594,0.497,-0.52,60.95,0.532,28.5
100750.8,45296.46,33.25,6.51,70059.25,0.445,699.0,0.162,0.135,-0.44,36.78,0.659,32.15
69799.67,41931.95,58.55,5.19,20590.76,0.372,739.0,0.666,0.496,-0.894,41.57,0.552,19.34
74602.5,59684.65,63.98,6.06,125864.42,0.321,648.0,0.577,0.169,0.591,83.2,0.511,70.2
60424.73,30334.29,55.83,4.57,55752.73,0.156,699.0,0.209,0.126,-0.166,30.98,0.533,39.84
71114.13,48182.85,20.61,6.39,83493.38,0.305,669.0,0.527,0.933,-0.542,94.3,0.599,57.76
87546.01,67107.14,71.31,6.95,25310.35,0.185,737.0,0.331,0.605,-0.536,17.96,0.555,12.63
95139.77,67358.27,47.74,2.88,37961.02,0.553,702.0,0.341,0.659,0.803,66.27,0.718,93.3
61556.69,30409.77,29.77,7.0,66615.67,0.234,735.0,0.57,0.402,0.668,67.21,0.508,71.59
97392.12,56262.68,39.77,5.24,27054.31,0.574,754.0,0.678,0.909,0.107,25.22,0.666,48.68
107112.76,84822.15,12.63,7.07,183056.99,0.343,735.0,0.176,0.638,0.232,32.48,0.654,50.16
88268.7,59767.91,18.95,4.59,11148.94,0.397,714.0,0.352,0.769,-0.051,83.48,0.661,69.49
117535.92,47321.7,63.59,4.27,101933.44,0.349,650.0,0.389,0.369,-0.217,76.18,0.581,55.05
64524.22,50360.85,10.0,7.49,33417.02,0.121,700.0,0.326,0.96,0.831,32.91,0.579,62.98
55106.91,23015.71,39.16,3.51,68459.03,0.257,673.0,0.318,0.82,-0.749,53.4,0.612,23.66
44425.6,34335.07,46.58,7.07,185951.32,0.105,683.0,0.131,0.854,-0.163,6.17,0.595,20.02
109920.89,55096.78,13.82,4.9,40721.97,0.393,681.0,0.511,0.172,-0.311,20.87,0.565,28.23
93087.31,81827.17,78.12,5.08,193508.14,0.296,651.0,0.362,0.271,-0.004,48.58,0.556,49.97
78888.31,46068.43,25.83,3.85,49100.93,0.478,602.0,0.217,0.286,-0.085,8.6,0.642,36.24
85599.37,48232.32,31.29,5.44,150897.56,0.171,667.0,0.59,0.271,0.038,84.33,0.466,57.57
57490.22,27275.89,31.28,3.95,113868.68,0.141,710.0,0.582,0.855,-0.72,71.8,0.522,27.43
128915.04,71264.51,26.13,2.24,178050.96,0.273,633.0,0.392,0.032,0.026,94.36,0.51,60.64
82584.42,69232.62,10.1,3.63,115258.72,0.56,701.0,0.279,0.076,-0.515,69.35,0.675,51.81
82187.9,73818.47,61.05,2.04,111566.25,0.441,795.0,0.483,0.274,-0.631,94.04,0.574,44.93
94515.33,55211.58,77.68,7.87,47137.02,0.28,751.0,0.273,0.2,-0.87,55.45,0.56,24.76
89620.18,55950.36,25.7,7.79,41583.58,0.334,782.0,0.242,0.232,0.525,60.02,0.58,63.37
84477.68,64290.51,56.41,4.37,184132.94,0.096,720.0,0.538,0.798,-0.145,97.7,0.504,61.6
64190.51,54118.88,61.93,6.37,72289.26,0.592,758.0,0.124,0.563,0.253,64.21,0.747,68.37
89429.37,62289.54,69.39,4.07,80695.63,0.417,664.0,0.157,0.006,0.455,3.08,0.623,51.27
117640.49,70085.83,39.58,6.03,154366.5,0.207,668.0,0.104,0.429,0.359,72.38,0.594,73.26
106908.4,64819.73,31.21,6.83,74376.46,0.372,563.0,0.192,0.408,-0.059,90.55,0.603,62.12
111863.73,83652.71,32.77,7.68,190891.86,0.11,759.0,0.141,0.114,-0.224,79.56,0.506,49.78
69775.69,28022.55,59.88,4.4,150206.28,0.581,777.0,0.697,0.676,-0.248,58.38,0.633,44.83
60207.9,42735.25,67.17,6.7,123511.56,0.146,672.0,0.273,0.702,0.28,67.13,0.564,56.37
77484.26,44766.26,22.71,3.6,177370.08,0.406,687.0,0.19,0.721,-0.01,99.02,0.692,69.62
81114.5,64656.26,35.97,7.94,19425.12,0.185,662.0,0.245,0.728,0.698,9.07,0.585,54.8
101883.83,45490.65,73.14,2.15,58841.91,0.445,719.0,0.662,0.0,0.749,66.72,0.539,77.74
46150.71,32033.26,66.47,5.62,98356.9,0.477,756.0,0.412,0.954,-0.659,28.34,0.684,26.51
110591.01,70832.04,78.94,5.96,53125.92,0.42,613.0,0.319,0.814,-0.728,64.01,0.655,35.02
76839.84,55414.03,62.8,6.13,151341.99,0.388,720.0,0.624,0.904,0.261,60.76,0.614,67.47
71462.38,30902.25,37.52,2.72,184649.53,0.541,686.0,0.337,0.016,-0.398,15.35,0.646,26.81
59757.91,41232.48,51.34,7.63,90516.32,0.093,706.0,0.301,0.934,-0.963,20.67,0.568,11.32
46902.87,31928.76,56.27,3.09,75005.19,0.232,723.0,0.224,0.81,0.777,62.16,0.621,70.36
96463.41,65626.96,15.49,5.74,192694.64,0.187,691.0,0.327,0.837,-0.546,12.82,0.59,0.0
81466.36,57168.52,48.11,3.34,94521.96,0.593,695.0,0.29,0.093,0.859,26.52,0.687,72.13
54200.78,40012.86,59.65,3.84,102919.2,0.264,689.0,0.506,0.739,0.435,83.52,0.574,68.06
54098.42,43413.69,21.71,5.28,76813.48,0.453,749.0,0.274,0.96,0.525,32.71,0.705,63.05
73284.31,39200.53,64.64,4.5,182814.21,0.427,721.0,0.446,0.679,-0.597,48.81,0.642,32.19
113380.43,92124.4,50.86,2.96,118101.54,0.167,711.0,0.14,0.571,-0.532,94.11,0.592,59.23
74808.17,48560.07,76.66,3.03,154813.17,0.181,636.0,0.215,0.946,0.043,22.71,0.602,42.45
49937.14,21898.89,12.97,4.51,164243.28,0.205,681.0,0.344,0.443,-0.656,38.96,0.551,24.27
75085.14,32232.21,28.57,6.54,74951.32,0.276,745.0,0.662,0.599,-0.389,60.65,0.522,42.87
74545.53,42276.2,52.11,7.39,92401.92,0.179,702.0,0.326,0.476,-0.357,75.53,0.553,49.01
30000.0,23773.45,30.76,2.5,171209.64,0.061,733.0,0.498,0.933,-0.681,90.17,0.506,38.67
78914.1,59488.64,60.01,4.36,79018.52,0.534,788.0,0.253,0.076,-0.59,91.55,0.639,56.25
75381.31,59875.94,63.13,2.6,160847.68,0.581,752.0,0.176,0.501,0.577,77.66,0.729,79.28
93924.13,61861.67,17.18,2.1,188788.54,0.238,705.0,0.135,0.687,-0.666,22.83,0.635,22.54
116979.12,72538.69,45.97,5.97,128409.97,0.236,674.0,0.283,0.792,-0.943,2.48,0.608,0.0
102531.3,48571.77,45.62,5.61,150909.18,0.054,572.0,0.195,0.583,0.259,38.38,0.496,48.93
74622.23,42094.13,35.85,2.98,162968.49,0.424,692.0,0.204,0.909,0.952,14.15,0.717,71.02
57869.48,35706.03,75.3,3.4,170557.53,0.504,684.0,0.556,0.942,-0.338,71.04,0.679,60.61
131467.2,58410.9,67.93,2.14,85060.13,0.131,720.0,0.11,0.064,-0.763,66.11,0.53,22.23
81184.37,41428.87,58.8,7.01,19740.06,0.138,692.0,0.435,0.402,0.141,4.4,0.506,28.26
80278.59,56123.77,60.0,7.85,86356.49,0.485,684.0,0.328,0.023,0.813,83.66,0.625,93.21
79517.5,61056.04,42.32,2.81,138013.68,0.389,611.0,0.404,0.329,0.568,24.87,0.576,57.49
83961.7,75496.15,74.47,3.39,95566.57,0.075,653.0,0.438,0.537,0.245,43.22,0.479,49.51
77112.79,66822.6,58.62,7.21,152303.0,0.392,724.0,0.288,0.911,-0.37,66.79,0.682,44.94
68526.76,49427.16,61.03,7.56,77826.66,0.22,786.0,0.277,0.847,0.084,42.94,0.587,46.08
69062.82,42171.42,70.32,4.52,130601.39,0.253,695.0,0.54,0.127,-0.818,44.13,0.504,24.56
79344.93,56976.7,29.19,2.3,45419.76,0.473,716.0,0.623,0.093,0.358,6.56,0.568,41.52
69131.5,54809.24,66.49,2.24,152380.19,0.496,748.0,0.216,0.589,0.45,40.14,0.697,66.31
65743.08,30187.13,23.67,5.44,113682.23,0.27,659.0,0.159,0.532,0.93,76.48,0.615,88.68
82128.6,49683.9,34.17,4.36,48772.23,0.571,718.0,0.639,0.266,-0.479,91.52,0.621,47.36
74900.46,61410.97,33.49,2.17,65463.12,0.274,663.0,0.31,0.899,-0.963,41.35,0.624,23.53
110079.86,65158.08,78.5,5.5,152235.65,0.475,743.0,0.431,0.927,0.091,42.36,0.681,56.25
30000.0,20578.08,69.96,2.07,101694.23,0.316,708.0,0.316,0.403,0.414,70.26,0.601,82.09
101830.14,70658.37,59.08,6.72,51045.97,0.544,715.0,0.175,0.89,0.581,94.28,0.766,88.36
104921.7,51646.46,60.89,3.84,193781.53,0.549,661.0,0.454,0.384,-0.613,26.71,0.654,29.1
38532.2,22391.74,49.35,2.24,145873.75,0.098,735.0,0.415,0.737,-0.476,44.01,0.517,22.62
73146.25,41492.62,76.3,5.53,191855.62,0.565,804.0,0.222,0.476,0.025,79.6,0.692,68.0
72571.18,29979.04,44.74,4.39,91149.96,0.504,650.0,0.371,0.123,-0.339,60.97,0.622,50.2
51849.77,21367.08,36.64,7.84,100269.06,0.485,683.0,0.578,0.928,0.721,11.06,0.665,48.96
64443.67,52576.27,21.41,5.27,180611.49,0.161,712.0,0.454,0.454,-0.052,62.77,0.515,48.24
57788.48,31005.57,65.03,3.65,109759.37,0.493,739.0,0.158,0.734,0.599,18.67,0.725,58.88
115045.41,75819.46,61.41,6.26,144382.99,0.518,672.0,0.429,0.367,0.161,51.02,0.648,54.14
98713.57,54229.56,36.9,3.63,57912.85,0.209,558.0,0.522,0.019,0.546,52.91,0.431,61.03
105431.1,91760.87,11.76,7.43,94878.03,0.574,768.0,0.576,0.101,-0.335,87.62,0.6,60.63
94433.44,50016.52,68.73,4.25,33455.47,0.077,738.0,0.477,0.496,0.663,46.25,0.472,61.3
57418.96,35302.81,10.8,5.3,49136.21,0.132,613.0,0.192,0.69,-0.451,27.94,0.553,26.32
69509.59,58135.4,59.26,2.3,10179.25,0.346,670.0,0.526,0.335,0.092,23.1,0.556,40.37
89787.49,73712.55,77.92,4.56,17460.36,0.367,778.0,0.506,0.695,-0.572,87.43,0.587,47.18
55557.44,27392.64,40.64,6.99,195683.93,0.405,772.0,0.115,0.699,-0.049,17.1,0.683,34.09
94259.97,75532.55,26.45,6.83,56047.2,0.059,747.0,0.347,0.704,-0.364,42.59,0.508,37.08
75193.49,47303.73,59.34,3.35,136029.03,0.578,691.0,0.3,0.493,-0.467,18.72,0.717,30.84
72503.58,46509.92,67.2,3.36,169428.94,0.075,704.0,0.502,0.915,0.934,77.33,0.52,86.9
94219.2,43975.87,48.25,6.9,114625.49,0.129,693.0,0.23,0.489,-0.68,47.44,0.552,22.15
88885.27,39136.25,77.69,7.58,39097.46,0.058,756.0,0.455,0.45,0.575,35.11,0.457,51.85
72780.68,55602.23,13.62,2.57,148342.12,0.362,656.0,0.648,0.199,0.968,36.11,0.52,68.59
103186.6,66888.71,45.34,4.7,124047.77,0.563,660.0,0.579,0.308,-0.96,85.22,0.626,28.91
58378.73,36102.89,60.29,4.02,148937.61,0.416,751.0,0.653,0.042,0.398,55.38,0.522,51.77
92318.71,70601.11,70.38,7.22,156251.86,0.502,698.0,0.687,0.634,-0.494,71.79,0.626,42.19
91862.03,71905.59,22.55,2.5,195327.97,0.057,769.0,0.106,0.249,-0.919,89.7,0.502,36.03
73809.07,35388.06,66.0,3.27,118977.02,0.348,666.0,0.474,0.304,-0.194,90.17,0.563,55.13
86522.66,61008.22,48.69,6.51,74911.81,0.303,697.0,0.348,0.771,0.87,32.85,0.628,65.54
54977.73,25711.82,37.76,2.31,133208.27,0.324,654.0,0.616,0.327,-0.976,95.25,0.523,30.88
98480.54,76390.13,19.22,4.96,23003.73,0.09,700.0,0.251,0.242,0.176,2.49,0.51,29.48
76301.96,55584.27,70.57,4.65,180505.49,0.426,626.0,0.689,0.169,0.003,37.68,0.524,39.57
69545.54,61082.36,21.01,4.01,32682.39,0.327,676.0,0.468,0.775,0.747,89.58,0.606,99.36
100980.18,43873.77,31.69,4.37,72290.14,0.471,628.0,0.576,0.13,-0.832,27.46,0.561,19.34
65913.13,28245.58,30.3,5.18,164991.62,0.317,735.0,0.151,0.454,0.363,27.31,0.63,58.42
51830.77,28045.3,71.0,2.97,123489.35,0.132,736.0,0.21,0.507,0.36,30.26,0.549,56.2
48867.42,25941.41,57.09,5.43,84790.75,0.407,613.0,0.555,0.687,0.338,61.23,0.59,59.13
92120.2,48223.95,65.77,6.83,99952.78,0.145,767.0,0.113,0.633,0.885,43.83,0.575,66.72
54391.41,46402.8,27.53,6.56,172364.0,0.53,825.0,0.59,0.811,0.646,72.67,0.631,74.47
115095.88,60399.22,53.74,2.92,74600.83,0.387,702.0,0.108,0.045,-0.916,89.49,0.637,46.83
38361.41,20560.75,50.02,2.9,175233.44,0.136,668.0,0.494,0.296,-0.058,67.42,0.474,46.2
113929.13,88830.44,68.3,3.61,26745.54,0.579,841.0,0.319,0.28,-0.204,20.45,0.646,28.1
84220.35,52626.76,73.43,4.17,157591.7,0.335,634.0,0.467,0.146,-0.38,93.27,0.532,50.36
78065.74,61543.54,10.85,4.45,171034.05,0.09,701.0,0.518,0.289,-0.097,26.45,0.461,29.52
69101.62,29899.1,57.18,6.08,44545.35,0.395,709.0,0.305,0.31,-0.232,14.99,0.625,31.62
87982.72,56642.01,13.63,2.34,91765.84,0.189,767.0,0.165,0.522,-0.135,9.0,0.571,29.35
79247.31,33030.82,48.42,2.21,41444.96,0.492,718.0,0.142,0.664,0.959,56.34,0.728,83.57
102066.04,44023.8,30.13,4.35,144254.78,0.5,675.0,0.453,0.381,-0.823,11.38,0.639,15.22
82284.55,70206.72,31.47,6.18,111716.08,0.588,652.0,0.412,0.719,0.844,13.88,0.708,63.09
83006.04,38981.52,34.71,3.16,130711.44,0.326,683.0,0.545,0.336,-0.04,30.0,0.549,37.48
72727.76,48451.98,53.49,5.85,47332.52,0.3,650.0,0.406,0.29,0.247,28.17,0.55,49.63
78861.09,47754.16,33.38,3.56,50231.71,0.464,702.0,0.353,0.541,0.66,60.42,0.668,74.19
86156.04,49425.28,61.29,7.32,17884.49,0.123,672.0,0.339,0.024,-0.279,81.67,0.474,45.14
45796.63,38923.32,38.32,7.37,71192.83,0.351,625.0,0.116,0.08,-0.139,76.13,0.599,59.18
53036.29,21793.23,14.78,3.78,116351.49,0.35,763.0,0.301,0.418,-0.181,26.25,0.6,30.76
94865.28,69431.41,64.86,3.38,173007.63,0.099,675.0,0.686,0.943,-0.251,24.53,0.488,24.78
83417.31,73548.81,30.0,4.47,136716.22,0.28,637.0,0.624,0.722,0.851,96.58,0.537,93.79
76320.33,51904.24,40.29,3.44,92725.3,0.519,692.0,0.298,0.088,0.658,0.82,0.654,63.04
80368.68,69793.06,57.98,6.03,191092.82,0.521,703.0,0.453,0.846,-0.782,87.97,0.701,49.82
86951.63,37052.61,33.27,6.96,146656.59,0.105,613.0,0.608,0.732,-0.784,19.97,0.463,9.97
69204.81,42173.18,13.96,6.04,186731.39,0.1,717.0,0.365,0.611,-0.144,94.73,0.522,62.33
64433.91,34155.05,36.17,6.95,110241.71,0.194,648.0,0.111,0.82,-0.803,34.23,0.619,15.21
83916.91,64230.88,76.11,4.38,59191.81,0.531,786.0,0.145,0.404,0.238,44.04,0.694,60.02
60432.54,53824.16,54.92,2.94,20037.07,0.121,726.0,0.406,0.222,-0.713,70.71,0.48,30.76
88165.06,46574.52,57.0,6.43,147956.12,0.446,680.0,0.682,0.512,0.045,58.77,0.586,55.77
45948.33,33408.45,54.26,4.16,33047.57,0.106,663.0,0.516,0.549,-0.986,31.79,0.481,7.77
100583.11,50195.88,23.93,6.03,67527.27,0.393,695.0,0.143,0.538,-0.367,55.38,0.681,47.08
89451.95,61065.73,39.28,3.62,111169.47,0.246,731.0,0.214,0.565,0.354,73.07,0.601,68.37
85120.59,53793.34,62.57,2.49,117239.15,0.484,699.0,0.563,0.949,-0.032,4.23,0.675,34.8
99653.82,88293.55,17.1,7.96,124110.81,0.179,689.0,0.605,0.902,0.957,1.12,0.537,49.85
113309.49,79799.75,29.45,2.94,41588.51,0.402,703.0,0.471,0.876,0.748,45.81,0.653,71.82
100287.4,57640.5,29.34,7.93,82150.11,0.18,670.0,0.487,0.801,-0.282,13.18,0.544,30.97
43182.52,19736.48,40.24,7.86,127266.9,0.443,683.0,0.117,0.943,-0.909,66.43,0.742,37.99
54408.46,25877.94,78.63,6.76,194265.58,0.531,596.0,0.597,0.098,0.691,21.41,0.566,57.49
67503.63,34606.31,14.73,5.96,148249.92,0.12,749.0,0.573,0.265,0.822,43.29,0.443,73.6
80521.82,42312.87,46.31,5.47,185294.71,0.527,715.0,0.255,0.495,0.641,19.77,0.704,55.53
90353.18,74569.21,22.56,7.2,154820.29,0.376,661.0,0.525,0.847,-0.744,54.85,0.617,24.9
65485.12,44569.92,77.95,3.74,122426.22,0.12,795.0,0.229,0.505,0.996,11.61,0.519,69.04
83735.34,55407.29,17.93,4.81,46484.44,0.285,704.0,0.124,0.748,-0.483,2.31,0.662,19.79
64892.34,29680.75,38.25,5.72,136670.27,0.138,648.0,0.221,0.139,0.448,5.11,0.507,39.63
67769.64,56253.54,61.65,4.47,128442.12,0.435,743.0,0.207,0.252,0.816,95.43,0.643,88.79
51866.78,39491.74,59.32,4.56,124469.14,0.467,720.0,0.303,0.732,-0.529,14.23,0.693,26.7
61535.34,26696.13,39.59,3.98,103059.31,0.108,720.0,0.351,0.165,0.817,70.85,0.483,79.69
52966.31,39932.23,34.26,5.39,110444.75,0.328,679.0,0.405,0.351,-0.381,6.79,0.578,14.71
60482.53,40630.3,37.83,7.1,73544.08,0.498,723.0,0.386,0.265,0.953,10.82,0.641,64.24
101072.84,44559.24,28.5,3.21,108669.41,0.565,687.0,0.262,0.35,-0.437,50.89,0.704,40.75
61012.02,38385.73,24.37,7.61,47535.62,0.332,728.0,0.118,0.708,0.907,46.49,0.67,80.61
132647.64,85205.97,43.81,6.13,162983.14,0.573,605.0,0.463,0.368,-0.893,95.16,0.64,37.66
89866.36,43395.32,28.8,6.94,45297.62,0.345,678.0,0.337,0.555,0.419,94.48,0.618,87.52
83696.72,73054.61,30.12,5.34,26143.6,0.267,786.0,0.279,0.1,0.064,77.96,0.53,64.21
62832.84,51836.32,55.97,6.68,92886.75,0.517,662.0,0.62,0.805,-0.044,60.21,0.65,53.42
94006.2,69048.6,77.8,2.1,135078.41,0.321,670.0,0.548,0.37,-0.553,45.5,0.545,27.78
68487.24,43225.57,52.25,6.91,93166.2,0.31,678.0,0.615,0.649,0.411,35.62,0.558,53.79
82440.2,49949.09,15.39,2.24,62583.29,0.32,639.0,0.397,0.725,-0.618,94.71,0.6,45.42
131201.69,95185.09,15.29,7.34,116052.52,0.516,590.0,0.179,0.21,0.106,60.29,0.653,57.7
78078.8,52524.85,76.6,7.95,75930.44,0.508,688.0,0.518,0.885,-0.494,57.91,0.684,41.2
102985.47,44400.8,30.81,3.76,187244.86,0.272,707.0,0.224,0.616,0.911,23.19,0.623,75.84
65936.47,43270.9,16.44,3.26,185302.58,0.233,697.0,0.365,0.429,-0.943,4.67,0.562,6.44
79300.23,63694.09,51.93,6.59,105450.65,0.321,693.0,0.139,0.182,-0.601,94.52,0.616,55.27
115416.01,72668.22,53.66,3.52,72297.96,0.365,702.0,0.595,0.942,-0.515,31.37,0.62,29.96
67460.66,28736.78,55.4,7.19,150055.16,0.181,751.0,0.176,0.755,-0.172,44.26,0.595,36.7
116248.97,92201.6,28.72,2.62,16975.46,0.487,690.0,0.642,0.208,-0.535,11.46,0.584,17.53
94155.04,47141.72,11.06,2.76,100206.11,0.318,671.0,0.619,0.338,-0.017,83.69,0.527,64.16
68750.66,36390.44,77.55,7.87,73901.44,0.234,686.0,0.379,0.81,0.745,2.76,0.594,46.85
92648.15,44689.13,27.56,6.04,184901.82,0.109,729.0,0.547,0.696,0.424,83.4,0.494,73.94
99451.09,56200.56,57.32,7.08,12280.58,0.181,771.0,0.472,0.766,0.16,14.03,0.53,48.52
92436.2,71950.1,59.46,3.95,115034.83,0.572,669.0,0.582,0.441,-0.822,88.66,0.646,48.39
48595.51,32058.11,52.7,6.06,150726.08,0.218,705.0,0.359,0.716,0.388,72.98,0.585,77.16
65457.26,32888.39,31.9,5.57,102153.42,0.143,717.0,0.571,0.386,-0.667,16.47,0.476,11.44
75049.63,62960.26,28.98,5.62,26226.58,0.303,650.0,0.377,0.211,0.573,56.58,0.549,72.13
78511.33,65933.1,51.84,6.1,194767.66,0.219,701.0,0.665,0.633,-0.5,31.27,0.518,19.8
92413.44,77191.95,70.63,5.45,108421.98,0.069,627.0,0.392,0.976,-0.166,17.82,0.521,32.19
83554.02,43397.8,76.27,4.57,126695.39,0.228,612.0,0.378,0.311,-0.299,85.92,0.515,54.44
53293.11,33341.22,17.41,3.66,54955.86,0.349,718.0,0.571,0.461,0.718,40.35,0.565,67.38
87603.96,78186.08,20.84,6.61,101864.64,0.353,681.0,0.593,0.674,-0.747,39.85,0.583,29.29
92211.71,72478.98,76.13,3.36,91538.4,0.246,710.0,0.433,0.542,0.131,16.99,0.562,36.16
91195.81,37717.1,61.56,6.15,24230.21,0.296,699.0,0.208,0.843,-0.716,38.31,0.661,25.95
101615.61,43959.15,71.81,3.4,30170.47,0.581,651.0,0.381,0.762,0.41,87.16,0.715,83.39
96678.44,61097.46,24.18,5.75,169119.78,0.258,698.0,0.681,0.058,0.81,36.31,0.472,57.28
89183.6,76217.21,51.13,6.48,55565.79,0.192,638.0,0.552,0.998,-0.131,95.16,0.545,62.5
78596.69,52608.76,59.08,3.31,47042.07,0.184,770.0,0.587,0.752,-0.024,94.63,0.507,53.89
46780.78,30356.34,57.61,2.36,105933.18,0.302,632.0,0.12,0.864,0.855,14.49,0.659,69.64
88592.36,40109.03,38.57,2.79,156061.95,0.468,690.0,0.381,0.651,0.042,17.73,0.673,42.22
84153.75,61296.76,11.08,5.64,21769.84,0.163,648.0,0.488,0.856,-0.025,86.27,0.535,57.91
85431.58,69289.42,50.8,7.1,119593.5,0.44,729.0,0.598,0.112,0.157,39.28,0.558,44.12
54465.03,32145.8,27.72,2.27,32649.98,0.062,683.0,0.13,0.348,0.378,0.44,0.528,36.74
58378.87,45991.22,41.52,6.4,16927.6,0.28,674.0,0.611,0.876,-0.786,27.39,0.568,19.23
101063.06,89161.7,77.03,4.05,20021.35,0.477,743.0,0.429,0.202,0.642,59.76,0.61,76.41
79208.9,39753.62,37.93,4.87,168491.18,0.236,701.0,0.218,0.078,-0.129,79.93,0.558,52.48
93630.01,61951.69,68.79,7.57,32414.77,0.36,726.0,0.29,0.788,-0.855,13.34,0.656,8.23
80566.37,43793.38,23.2,3.99,18578.76,0.163,651.0,0.269,0.835,0.572,11.05,0.577,53.75
80595.12,64188.15,57.07,4.79,93200.98,0.458,630.0,0.419,0.163,-0.246,92.21,0.591,55.44
98765.68,68029.47,78.39,2.08,170358.76,0.079,705.0,0.131,0.854,-0.799,75.11,0.589,35.81
69679.11,49980.21,17.13,2.49,59857.59,0.519,684.0,0.195,0.687,0.268,58.98,0.732,68.82
81922.42,65452.49,10.58,3.55,90125.4,0.159,731.0,0.588,0.52,0.76,76.92,0.487,79.49
70754.49,42310.14,40.35,2.17,17585.28,0.531,696.0,0.18,0.83,0.776,42.89,0.758,82.61
71310.08,61151.6,16.48,5.79,95324.92,0.244,710.0,0.24,0.419,0.915,75.85,0.588,80.88
73816.56,49199.8,62.39,4.56,119746.49,0.447,619.0,0.372,0.194,0.735,37.18,0.595,57.15
84442.68,40446.13,74.02,5.29,118472.34,0.226,794.0,0.41,0.285,-0.996,24.41,0.503,2.22
70425.03,52674.37,40.38,3.05,73161.07,0.548,692.0,0.558,0.505,-0.24,72.9,0.655,63.75
105115.12,83737.93,28.11,3.78,69951.3,0.12,735.0,0.368,0.531,0.637,41.97,0.515,71.76
62107.85,34679.84,40.41,5.98,30258.49,0.148,658.0,0.574,0.806,-0.267,98.14,0.51,65.9
76262.57,63190.37,60.64,7.79,79691.68,0.321,715.0,0.471,0.791,0.203,34.95,0.608,49.51
71205.38,60743.29,10.63,2.3,28903.99,0.095,635.0,0.168,0.581,0.213,92.17,0.54,61.32
108939.56,58658.75,51.26,7.34,155653.23,0.158,723.0,0.194,0.781,-0.27,93.3,0.594,47.23
83931.1,74846.46,52.93,5.46,193592.12,0.569,682.0,0.362,0.192,0.809,24.19,0.668,64.28
100636.89,47335.14,54.64,5.38,194314.15,0.587,701.0,0.338,0.05,0.006,79.82,0.672,64.72
50288.79,25195.08,26.94,5.0,174363.51,0.257,735.0,0.546,0.874,-0.07,43.31,0.569,50.14
85341.01,41997.37,59.98,2.42,124150.51,0.558,638.0,0.448,0.076,0.995,91.75,0.619,100.0
97792.62,82829.84,16.4,2.54,143164.48,0.35,666.0,0.333,0.247,-0.013,45.01,0.586,48.05
81645.68,59368.35,23.95,5.61,64189.1,0.198,723.0,0.202,0.695,-0.643,74.43,0.6,36.04
101309.61,48228.66,71.42,4.05,129846.38,0.436,805.0,0.236,0.409,0.026,46.7,0.631,46.22
69654.23,43196.89,61.71,7.5,96573.41,0.412,693.0,0.445,0.876,0.628,22.78,0.661,62.28
108186.95,76558.39,10.96,4.44,101583.29,0.594,730.0,0.354,0.298,0.554,19.94,0.686,62.38
125977.96,55648.5,27.39,2.86,153977.55,0.196,695.0,0.409,0.012,0.577,42.54,0.496,61.08
72743.23,61192.2,25.01,6.29,63564.49,0.42,797.0,0.202,0.301,0.416,75.55,0.623,68.69
71089.95,57000.05,28.96,3.76,70427.53,0.079,613.0,0.498,0.578,-0.492,60.51,0.459,35.65
109067.69,71177.94,27.33,5.15,185681.94,0.113,705.0,0.612,0.376,0.724,68.86,0.459,74.33
111591.44,98598.1,14.38,6.19,20682.62,0.052,619.0,0.255,0.535,0.787,28.23,0.495,54.28
69542.8,42343.25,42.13,7.4,102270.52,0.6,575.0,0.395,0.877,-0.612,48.14,0.704,32.2
71596.26,63867.82,61.29,6.75,183432.15,0.491,715.0,0.685,0.912,-0.739,4.44,0.645,15.32
74364.31,54580.43,52.47,6.06,125968.97,0.483,707.0,0.3,0.266,0.951,81.75,0.657,92.93
53110.99,38098.41,57.1,6.08,113817.34,0.33,686.0,0.457,0.462,0.737,98.99,0.582,98.74
61626.96,29764.43,15.68,7.68,57451.39,0.215,695.0,0.154,0.549,0.786,40.69,0.608,72.79
59917.18,50388.19,76.6,3.77,75222.34,0.133,850.0,0.464,0.949,0.773,1.1,0.503,46.31
64644.05,39674.95,68.69,2.01,171889.2,0.207,687.0,0.154,0.999,0.083,16.98,0.647,41.6
79306.3,38155.59,66.36,3.63,116251.45,0.257,726.0,0.676,0.235,0.293,65.25,0.482,59.31
84684.29,34407.55,67.61,3.31,107801.02,0.466,668.0,0.529,0.727,0.091,61.21,0.642,55.65
111010.01,75473.25,75.29,5.97,28920.15,0.347,715.0,0.573,0.378,-0.898,78.79,0.557,27.86
60032.92,39843.84,48.1,5.8,13045.35,0.093,688.0,0.522,0.008,0.491,25.39,0.429,49.85
99686.45,75729.48,24.02,5.56,193100.19,0.06,679.0,0.454,0.009,0.011,76.36,0.427,56.44
75720.22,63993.36,53.17,2.1,81627.37,0.106,791.0,0.37,0.461,0.295,68.8,0.482,63.52
79010.73,34741.28,62.0,6.37,124610.48,0.276,759.0,0.615,0.488,0.005,32.28,0.515,46.42
93496.39,71594.7,61.65,3.94,25145.86,0.563,707.0,0.674,0.023,-0.016,54.55,0.59,48.14
57545.56,28410.59,46.5,5.99,139791.71,0.401,585.0,0.399,0.687,-0.656,14.73,0.608,24.99
87648.19,72668.11,14.79,5.34,187187.67,0.491,682.0,0.659,0.294,-0.443,45.26,0.588,29.7
83329.04,67457.51,35.98,4.06,119376.4,0.307,835.0,0.45,0.56,-0.682,88.12,0.541,36.76
89849.03,60234.51,74.45,2.81,33961.91,0.249,688.0,0.423,0.301,-0.609,42.12,0.541,16.84
85783.37,64776.86,50.91,2.57,120527.09,0.11,755.0,0.373,0.167,0.946,83.96,0.467,83.06
129106.0,71934.64,47.68,6.99,155605.97,0.532,772.0,0.226,0.407,-0.694,59.03,0.683,34.42
67245.2,42739.97,28.82,7.51,87219.14,0.481,711.0,0.102,0.232,-0.461,19.19,0.691,31.02
69380.06,56254.63,35.79,5.9,177169.17,0.142,658.0,0.245,0.535,0.181,58.11,0.547,57.23
67537.19,42523.62,72.67,2.62,133249.76,0.332,578.0,0.406,0.199,0.22,50.6,0.528,47.31
68890.46,39880.63,56.65,4.41,180857.29,0.318,734.0,0.328,0.508,-0.692,39.86,0.6,23.24
67252.26,43519.35,65.12,6.37,128466.01,0.394,659.0,0.369,0.157,0.587,11.96,0.585,49.8
103780.33,84490.12,41.8,6.68,34944.71,0.57,709.0,0.688,0.671,0.57,41.67,0.654,57.62
108410.08,61534.0,54.12,2.71,68841.43,0.369,638.0,0.31,0.754,-0.525,7.28,0.639,14.19
68585.07,33392.76,27.39,2.0,48341.04,0.347,687.0,0.371,0.11,-0.423,9.88,0.571,15.96
63352.89,47895.23,59.38,6.27,182677.03,0.078,702.0,0.18,0.468,0.876,41.59,0.541,77.15
89428.31,72704.24,39.93,4.14,154476.01,0.085,713.0,0.129,0.071,0.651,30.54,0.51,58.23
68955.54,31051.97,40.98,3.53,138515.69,0.153,644.0,0.565,0.598,0.396,92.55,0.488,76.62
92658.64,48176.66,55.45,2.08,67183.6,0.068,760.0,0.442,0.264,-0.836,37.57,0.444,4.67
84058.46,39590.36,75.54,5.24,44968.51,0.459,670.0,0.556,0.528,-0.163,75.79,0.614,62.11
49685.12,28517.8,14.48,7.11,153725.71,0.448,616.0,0.19,0.517,0.119,53.02,0.663,64.44
110950.1,69363.29,67.73,7.75,100090.01,0.125,695.0,0.443,0.924,-0.625,70.41,0.552,27.01
115917.55,89768.08,30.47,5.39,52900.01,0.51,702.0,0.252,0.549,-0.104,26.01,0.708,39.16
67744.23,49153.44,41.07,5.09,127158.18,0.135,708.0,0.237,0.583,0.202,94.19,0.562,74.32
72245.97,51328.18,11.53,2.51,17663.43,0.216,768.0,0.107,0.402,-0.345,53.01,0.581,43.12
85717.31,49389.24,31.07,5.29,71972.35,0.187,688.0,0.178,0.949,0.562,83.13,0.63,78.21
86689.14,71147.83,45.18,4.28,99025.83,0.255,694.0,0.286,0.777,0.681,36.5,0.62,64.52
93170.89,59223.48,13.93,5.64,38112.08,0.19,645.0,0.17,0.285,-0.353,10.02,0.551,17.99
120204.09,106927.85,44.38,4.33,197084.35,0.319,741.0,0.692,0.844,0.677,67.37,0.559,75.78
76461.06,54828.01,74.9,3.44,49728.5,0.274,709.0,0.285,0.432,-0.793,0.78,0.593,12.14
64034.06,29656.24,17.38,2.57,34767.09,0.593,679.0,0.178,0.829,0.675,47.53,0.777,74.26
52413.62,38685.9,63.51,3.89,48671.63,0.081,605.0,0.219,0.823,-0.694,19.28,0.537,18.74
65381.4,36780.44,38.68,2.58,156121.62,0.128,772.0,0.453,0.189,-0.834,62.74,0.454,18.87
79337.46,58960.71,55.86,3.06,90846.08,0.079,639.0,0.138,0.701,0.284,97.94,0.552,71.06
115891.16,50391.86,28.22,7.92,117429.03,0.394,670.0,0.617,0.291,-0.056,46.44,0.553,48.63
69647.77,33949.16,21.16,4.66,13991.74,0.08,718.0,0.677,0.297,0.816,81.75,0.42,82.78
84475.76,69934.83,21.23,5.19,16541.95,0.51,640.0,0.248,0.296,-0.274,50.78,0.663,49.51
79671.54,40918.49,14.93,7.24,94706.85,0.332,625.0,0.37,0.726,-0.426,49.58,0.605,30.72
103767.87,84936.13,23.0,7.97,165164.5,0.34,594.0,0.113,0.23,0.001,93.04,0.599,64.87
130538.65,70443.62,56.5,5.5,178195.39,0.359,736.0,0.484,0.001,-0.088,89.0,0.534,63.77
69382.62,50055.47,71.72,6.87,26474.25,0.144,673.0,0.348,0.715,-0.311,78.58,0.55,49.8
70211.21,52453.06,66.99,3.96,112288.99,0.159,846.0,0.262,0.171,0.387,29.63,0.477,41.93
100883.22,66212.42,57.96,3.83,183513.64,0.225,650.0,0.224,0.104,0.519,54.5,0.538,66.58
93637.83,51749.45,17.73,4.42,83714.82,0.376,654.0,0.492,0.238,0.706,22.39,0.56,54.54
116934.15,59206.35,30.24,6.04,167617.51,0.166,672.0,0.35,0.38,0.946,44.39,0.524,81.32
91678.56,38192.8,31.69,6.09,35402.17,0.114,712.0,0.208,0.476,-0.467,48.42,0.547,40.46
72814.16,40191.46,27.5,3.89,187724.95,0.584,676.0,0.513,0.045,0.432,83.16,0.627,80.6
91813.1,66709.69,46.05,2.8,152770.43,0.062,731.0,0.439,0.971,-0.211,89.6,0.523,62.47
102174.07,88804.84,47.49,5.79,188853.53,0.491,651.0,0.615,0.716,0.354,41.46,0.628,58.93
96409.64,80560.11,34.98,2.77,138557.27,0.483,631.0,0.17,0.323,-0.048,1.77,0.667,36.45
90145.48,70586.83,34.77,5.47,79046.75,0.213,610.0,0.571,0.319,0.988,86.18,0.471,95.05
101333.49,80481.46,68.0,6.16,188254.42,0.125,589.0,0.504,0.449,0.458,17.43,0.455,44.66
103385.91,75729.4,65.25,6.2,62357.69,0.13,674.0,0.169,0.626,0.905,62.19,0.572,79.33
107643.18,57066.32,31.55,6.52,73112.78,0.434,685.0,0.517,0.146,0.67,2.5,0.579,41.54
92974.2,79362.54,73.97,7.24,143153.6,0.404,668.0,0.365,0.189,0.806,39.95,0.596,69.55
76657.64,56371.43,76.7,5.0,155410.1,0.481,762.0,0.667,0.859,0.629,98.6,0.623,93.56
82934.27,56413.58,32.87,6.38,186586.66,0.566,761.0,0.185,0.256,-0.082,10.07,0.693,40.97
104130.18,47430.75,34.81,5.72,48912.46,0.431,683.0,0.486,0.38,-0.496,42.37,0.607,34.94
63661.29,39694.58,45.39,3.12,161619.63,0.136,610.0,0.329,0.871,-0.259,30.71,0.544,28.99
87373.47,55060.94,75.88,2.15,150323.75,0.184,672.0,0.674,0.663,-0.96,90.51,0.495,22.29
72133.22,60035.17,71.34,3.71,22120.97,0.513,670.0,0.298,0.342,0.048,86.93,0.669,67.2
80574.9,54253.02,17.18,4.66,83572.4,0.165,667.0,0.677,0.684,0.01,23.77,0.487,32.66
105569.04,62306.87,37.49,5.7,63725.44,0.09,665.0,0.641,0.02,0.051,8.12,0.397,23.07
83821.98,74467.46,48.74,7.1,67853.18,0.437,667.0,0.262,0.736,0.948,62.71,0.684,90.84
80928.73,36851.73,45.22,3.18,196759.91,0.271,681.0,0.582,0.487,0.823,33.64,0.534,74.77
52802.88,32277.04,23.57,2.75,132127.71,0.556,668.0,0.697,0.813,-0.677,67.21,0.653,39.86
94925.07,39964.63,70.12,7.78,146358.47,0.408,710.0,0.252,0.955,-0.262,3.21,0.705,27.56
92909.68,71536.0,57.39,2.65,195557.35,0.1,718.0,0.362,0.926,-0.152,13.34,0.554,27.16
123265.09,105889.43,68.65,4.87,81668.34,0.571,654.0,0.412,0.909,-0.279,68.64,0.721,55.76
73844.44,39877.37,70.11,5.51,162349.63,0.192,764.0,0.277,0.512,0.597,21.24,0.55,49.78
84383.01,69967.93,62.38,5.25,92560.88,0.235,651.0,0.109,0.36,0.048,85.76,0.591,65.9
84987.67,46412.54,40.74,2.52,175211.4,0.271,619.0,0.232,0.465,0.144,5.86,0.58,37.93
111549.07,95417.41,52.74,2.34,44324.93,0.078,719.0,0.269,0.69,0.706,21.55,0.54,57.83
78094.09,60677.62,21.23,2.63,190060.37,0.323,659.0,0.366,0.884,0.612,99.86,0.63,92.08
85580.43,68674.31,57.16,5.51,51566.62,0.118,716.0,0.203,0.207,-0.736,43.31,0.522,23.51
92157.93,37692.9,22.55,5.27,71981.9,0.271,580.0,0.624,0.918,0.428,70.3,0.533,58.74
83732.18,73801.98,58.58,3.4,153676.52,0.243,770.0,0.523,0.815,-0.129,18.27,0.55,34.09
71071.33,54251.27,26.07,5.83,84813.48,0.475,734.0,0.151,0.979,-0.411,60.99,0.746,46.01
83881.8,46334.26,18.23,6.92,125560.16,0.492,625.0,0.49,0.88,-0.9,72.61,0.66,29.58
101472.63,82669.49,21.57,2.25,94468.97,0.134,626.0,0.492,0.28,-0.026,31.45,0.457,29.15
59469.69,32158.87,10.14,4.99,151050.29,0.252,784.0,0.674,0.106,-0.289,82.89,0.447,49.0
82659.39,69134.41,60.31,6.14,53382.94,0.255,663.0,0.102,0.112,-0.497,60.34,0.58,37.11
65997.58,30114.05,61.27,3.51,21107.02,0.133,658.0,0.249,0.291,0.389,38.91,0.518,44.73
103900.93,78117.19,46.05,3.85,66986.59,0.489,587.0,0.657,0.614,0.539,55.76,0.586,70.15
49536.26,33206.6,21.3,5.68,100118.65,0.439,682.0,0.659,0.804,-0.51,57.68,0.618,31.46
68821.56,30850.45,15.85,7.39,41923.81,0.155,689.0,0.532,0.899,-0.901,16.55,0.541,7.35
87544.24,45605.9,11.34,6.86,77411.49,0.252,736.0,0.559,0.624,0.698,40.27,0.539,65.15
111310.48,45214.54,21.6,5.5,85996.77,0.108,630.0,0.155,0.006,-0.98,34.34,0.488,13.17
78684.99,49916.5,72.36,6.38,20904.45,0.396,624.0,0.408,0.186,0.874,40.09,0.568,79.59
68896.01,37936.39,26.91,4.19,120828.38,0.117,723.0,0.239,0.1,0.255,76.11,0.501,56.32
117623.14,82239.6,34.8,5.85,178025.25,0.592,750.0,0.209,0.363,-0.356,48.25,0.714,44.04
51039.72,28001.36,17.37,4.8,38831.15,0.479,621.0,0.586,0.501,-0.507,94.03,0.597,50.87
36023.88,19811.68,25.57,3.14,123583.52,0.265,754.0,0.181,0.043,-0.982,29.37,0.555,12.2
88800.29,68518.0,46.35,6.21,136300.45,0.368,702.0,0.381,0.348,-0.529,41.57,0.605,32.1
69958.92,29667.58,52.54,5.34,89673.59,0.551,755.0,0.663,0.179,-0.725,78.7,0.587,37.31
59575.34,50725.28,27.17,4.15,143208.54,0.355,696.0,0.211,0.647,0.224,54.6,0.663,59.52
94167.13,77794.47,14.04,7.47,88038.99,0.146,574.0,0.687,0.464,-0.667,54.7,0.423,17.44
84876.01,62290.71,37.37,2.13,105881.08,0.258,692.0,0.697,0.495,0.057,5.33,0.511,34.33
68718.43,47870.0,26.39,3.89,11397.08,0.514,753.0,0.433,0.428,0.18,39.86,0.643,55.79
54393.91,46025.48,25.37,2.34,141426.82,0.404,655.0,0.202,0.956,-0.404,27.07,0.701,38.36
97449.15,48009.79,77.19,6.6,135655.11,0.408,681.0,0.29,0.215,-0.93,99.93,0.62,41.52
93004.02,40873.83,53.14,6.21,17296.17,0.527,691.0,0.355,0.517,-0.925,30.84,0.688,15.7
78016.48,40549.46,48.98,3.99,79967.52,0.542,555.0,0.286,0.736,-0.947,88.45,0.682,35.67
116932.74,93229.2,39.1,6.05,196016.05,0.556,784.0,0.268,0.557,0.478,67.62,0.695,77.93
58598.3,24455.13,40.03,4.38,89939.95,0.102,655.0,0.683,0.929,-0.364,34.09,0.481,21.58
49489.5,34217.21,47.86,6.54,105369.63,0.349,725.0,0.192,0.378,0.593,54.35,0.63,80.27
66161.84,59394.72,58.75,4.73,182886.73,0.457,696.0,0.54,0.464,-0.137,84.05,0.62,53.97
79088.28,65473.08,59.15,4.47,146279.76,0.466,763.0,0.1,0.089,-0.094,88.34,0.653,66.54
84866.79,56073.43,22.02,7.61,120593.32,0.384,720.0,0.458,0.609,0.026,16.04,0.616,45.81
75175.28,32462.22,45.01,3.51,161582.89,0.142,688.0,0.65,0.288,0.426,33.96,0.451,51.93
87041.11,70998.28,38.84,2.72,174229.59,0.489,655.0,0.273,0.16,-0.453,33.52,0.641,32.75
54969.21,38450.37,70.94,5.51,96808.73,0.446,740.0,0.211,0.545,-0.757,4.2,0.677,7.96
108875.29,49806.8,54.2,7.82,100270.59,0.097,606.0,0.491,0.532,0.112,59.82,0.461,43.43
78356.98,35019.98,47.28,4.27,83349.68,0.305,732.0,0.528,0.076,-0.346,85.48,0.513,53.3
102345.92,87486.66,18.08,2.37,193674.17,0.146,645.0,0.513,0.698,-0.115,38.16,0.506,44.65
86854.51,63803.33,52.39,4.04,142461.59,0.236,763.0,0.292,0.624,0.294,74.0,0.576,65.03
89135.06,72613.29,18.2,5.04,25812.38,0.06,708.0,0.251,0.189,-0.012,62.77,0.49,43.55
91395.35,76725.43,33.6,2.97,173962.33,0.27,732.0,0.674,0.469,0.241,37.56,0.509,35.4
88954.17,61012.44,20.0,5.95,101306.39,0.352,704.0,0.654,0.72,0.088,14.11,0.581,32.43
92854.46,61165.38,58.45,7.99,23063.24,0.391,612.0,0.374,0.529,0.48,70.93,0.603,72.36
106583.05,65571.35,24.44,4.71,114446.28,0.415,657.0,0.608,0.395,0.412,85.46,0.569,82.97
83930.42,46872.9,37.43,4.13,89261.21,0.51,734.0,0.371,0.322,0.068,68.59,0.65,65.35
94180.08,58137.17,72.7,4.4,176772.39,0.169,708.0,0.355,0.61,0.358,1.79,0.555,40.7
78205.29,61542.85,24.3,2.69,48758.97,0.116,759.0,0.194,0.939,0.747,21.62,0.581,58.1
108802.34,76266.28,45.55,7.3,167028.28,0.518,720.0,0.356,0.672,-0.135,6.95,0.696,30.61
66472.15,56252.83,39.35,4.49,115960.85,0.136,652.0,0.422,0.075,-0.174,57.04,0.46,47.63
116018.81,72127.73,11.27,4.32,20375.96,0.586,660.0,0.114,0.461,0.528,75.65,0.744,84.31
79196.84,55718.52,65.49,5.96,194650.61,0.513,705.0,0.366,0.891,0.165,11.06,0.719,34.83
51384.5,36773.51,14.83,4.65,107396.9,0.325,584.0,0.569,0.094,-0.858,83.83,0.485,28.68
82562.09,57450.71,43.2,5.89,65266.6,0.59,784.0,0.508,0.989,0.784,55.55,0.704,76.64
66378.97,49871.64,49.25,2.37,99187.3,0.104,722.0,0.481,0.949,-0.938,69.0,0.532,23.33
96812.87,50218.46,53.99,6.88,172992.98,0.217,761.0,0.646,0.078,0.497,97.14,0.444,78.76
66947.52,43929.75,58.2,7.64,67931.59,0.401,621.0,0.111,0.933,0.518,8.37,0.704,53.52
71076.33,32134.49,27.73,5.89,46608.52,0.243,762.0,0.434,0.363,0.906,90.12,0.525,89.08
42209.19,24998.63,10.7,7.73,34523.54,0.561,812.0,0.572,0.845,-0.892,12.61,0.655,17.6
70953.87,45682.48,60.64,2.91,66593.29,0.086,634.0,0.425,0.418,0.194,39.3,0.468,41.45
31522.41,22888.81,47.5,4.86,158209.14,0.352,739.0,0.294,0.441,-0.144,85.14,0.612,69.67
48321.94,42294.53,68.53,5.61,99609.01,0.375,700.0,0.182,0.634,-0.339,90.63,0.677,56.58
95208.29,66676.8,67.5,5.49,53221.5,0.409,623.0,0.633,0.774,-0.819,50.64,0.587,25.48
95716.0,73873.32,69.03,4.41,41575.15,0.191,725.0,0.382,0.034,0.125,59.41,0.494,50.84
88509.15,57808.25,43.96,4.03,73218.6,0.251,742.0,0.627,0.593,-0.042,70.81,0.519,53.66
60660.48,43496.72,33.35,2.76,188585.63,0.514,670.0,0.452,0.187,-0.791,83.28,0.623,42.98
79045.77,34421.76,65.41,4.35,75175.08,0.157,758.0,0.505,0.346,0.225,12.15,0.476,37.58
79927.95,42137.68,41.59,2.98,197743.57,0.505,617.0,0.583,0.348,0.476,81.01,0.591,72.45
56832.71,33015.63,22.84,6.41,102193.79,0.359,625.0,0.495,0.469,0.535,48.13,0.565,57.93
110067.97,70030.38,69.85,3.25,44041.14,0.469,707.0,0.339,0.334,0.811,45.06,0.651,87.41
97547.25,41245.35,71.78,2.35,179316.62,0.442,701.0,0.408,0.107,-0.181,42.39,0.606,39.39
75580.72,35523.85,42.64,5.31,97467.52,0.164,664.0,0.582,0.146,0.906,50.92,0.451,73.61
80537.72,43362.08,15.3,5.57,144837.56,0.363,740.0,0.324,0.033,0.731,94.51,0.569,80.16
84167.66,74552.88,37.15,7.23,196905.2,0.527,727.0,0.333,0.47,-0.407,54.82,0.682,42.42
39165.3,22154.77,66.25,5.46,19533.32,0.288,743.0,0.157,0.954,-0.681,95.32,0.664,50.24
75056.45,48112.73,73.12,4.07,28371.97,0.582,694.0,0.649,0.116,-0.129,18.03,0.612,36.31
66360.32,33050.68,24.24,6.82,146886.78,0.299,730.0,0.155,0.946,-0.196,72.41,0.673,43.09
59967.6,42300.55,14.69,5.24,63546.75,0.129,678.0,0.489,0.733,0.151,81.22,0.519,63.82
74377.99,40189.52,71.41,2.48,45017.27,0.264,803.0,0.348,0.637,0.167,67.91,0.564,54.6
115953.73,58382.27,37.26,5.4,17478.76,0.573,659.0,0.343,0.645,0.5,60.69,0.711,76.44
92816.86,61100.07,47.92,7.45,14150.88,0.226,805.0,0.508,0.827,0.02,56.48,0.534,44.72
68576.42,27619.35,77.76,4.38,157152.26,0.527,702.0,0.14,0.107,-0.79,86.09,0.693,41.1
91451.66,36931.11,14.66,3.78,35542.35,0.535,631.0,0.456,0.505,0.717,82.16,0.649,85.44
